-- MySQL dump 10.13  Distrib 8.0.41, for Win64 (x86_64)
--
-- Host: localhost    Database: energia_chile_dw
-- ------------------------------------------------------
-- Server version	8.0.41

/*!40101 SET @OLD_CHARACTER_SET_CLIENT=@@CHARACTER_SET_CLIENT */;
/*!40101 SET @OLD_CHARACTER_SET_RESULTS=@@CHARACTER_SET_RESULTS */;
/*!40101 SET @OLD_COLLATION_CONNECTION=@@COLLATION_CONNECTION */;
/*!50503 SET NAMES utf8mb4 */;
/*!40103 SET @OLD_TIME_ZONE=@@TIME_ZONE */;
/*!40103 SET TIME_ZONE='+00:00' */;
/*!40014 SET @OLD_UNIQUE_CHECKS=@@UNIQUE_CHECKS, UNIQUE_CHECKS=0 */;
/*!40014 SET @OLD_FOREIGN_KEY_CHECKS=@@FOREIGN_KEY_CHECKS, FOREIGN_KEY_CHECKS=0 */;
/*!40101 SET @OLD_SQL_MODE=@@SQL_MODE, SQL_MODE='NO_AUTO_VALUE_ON_ZERO' */;
/*!40111 SET @OLD_SQL_NOTES=@@SQL_NOTES, SQL_NOTES=0 */;

--
-- Table structure for table `dim_date`
--

DROP TABLE IF EXISTS `dim_date`;
/*!40101 SET @saved_cs_client     = @@character_set_client */;
/*!50503 SET character_set_client = utf8mb4 */;
CREATE TABLE `dim_date` (
  `id_date` int NOT NULL AUTO_INCREMENT,
  `fecha` date NOT NULL,
  `anio` int NOT NULL,
  `trimestre` int NOT NULL,
  `mes` int NOT NULL,
  `nombre_mes` varchar(20) COLLATE utf8mb4_unicode_ci NOT NULL,
  PRIMARY KEY (`id_date`),
  UNIQUE KEY `fecha` (`fecha`)
) ENGINE=InnoDB AUTO_INCREMENT=339 DEFAULT CHARSET=utf8mb4 COLLATE=utf8mb4_unicode_ci;
/*!40101 SET character_set_client = @saved_cs_client */;

--
-- Dumping data for table `dim_date`
--

LOCK TABLES `dim_date` WRITE;
/*!40000 ALTER TABLE `dim_date` DISABLE KEYS */;
INSERT INTO `dim_date` VALUES (1,'2000-01-01',2000,1,1,'Enero'),(2,'2000-02-01',2000,1,2,'Febrero'),(3,'2000-03-01',2000,1,3,'Marzo'),(4,'2000-04-01',2000,2,4,'Abril'),(5,'2000-05-01',2000,2,5,'Mayo'),(6,'2000-06-01',2000,2,6,'Junio'),(7,'2000-07-01',2000,3,7,'Julio'),(8,'2000-08-01',2000,3,8,'Agosto'),(9,'2000-09-01',2000,3,9,'Septiembre'),(10,'2000-10-01',2000,4,10,'Octubre'),(11,'2000-11-01',2000,4,11,'Noviembre'),(12,'2000-12-01',2000,4,12,'Diciembre'),(13,'2000-12-31',2000,4,12,'Diciembre'),(14,'2001-01-01',2001,1,1,'Enero'),(15,'2001-02-01',2001,1,2,'Febrero'),(16,'2001-03-01',2001,1,3,'Marzo'),(17,'2001-04-01',2001,2,4,'Abril'),(18,'2001-05-01',2001,2,5,'Mayo'),(19,'2001-06-01',2001,2,6,'Junio'),(20,'2001-07-01',2001,3,7,'Julio'),(21,'2001-08-01',2001,3,8,'Agosto'),(22,'2001-09-01',2001,3,9,'Septiembre'),(23,'2001-10-01',2001,4,10,'Octubre'),(24,'2001-11-01',2001,4,11,'Noviembre'),(25,'2001-12-01',2001,4,12,'Diciembre'),(26,'2001-12-31',2001,4,12,'Diciembre'),(27,'2002-01-01',2002,1,1,'Enero'),(28,'2002-02-01',2002,1,2,'Febrero'),(29,'2002-03-01',2002,1,3,'Marzo'),(30,'2002-04-01',2002,2,4,'Abril'),(31,'2002-05-01',2002,2,5,'Mayo'),(32,'2002-06-01',2002,2,6,'Junio'),(33,'2002-07-01',2002,3,7,'Julio'),(34,'2002-08-01',2002,3,8,'Agosto'),(35,'2002-09-01',2002,3,9,'Septiembre'),(36,'2002-10-01',2002,4,10,'Octubre'),(37,'2002-11-01',2002,4,11,'Noviembre'),(38,'2002-12-01',2002,4,12,'Diciembre'),(39,'2002-12-31',2002,4,12,'Diciembre'),(40,'2003-01-01',2003,1,1,'Enero'),(41,'2003-02-01',2003,1,2,'Febrero'),(42,'2003-03-01',2003,1,3,'Marzo'),(43,'2003-04-01',2003,2,4,'Abril'),(44,'2003-05-01',2003,2,5,'Mayo'),(45,'2003-06-01',2003,2,6,'Junio'),(46,'2003-07-01',2003,3,7,'Julio'),(47,'2003-08-01',2003,3,8,'Agosto'),(48,'2003-09-01',2003,3,9,'Septiembre'),(49,'2003-10-01',2003,4,10,'Octubre'),(50,'2003-11-01',2003,4,11,'Noviembre'),(51,'2003-12-01',2003,4,12,'Diciembre'),(52,'2003-12-31',2003,4,12,'Diciembre'),(53,'2004-01-01',2004,1,1,'Enero'),(54,'2004-02-01',2004,1,2,'Febrero'),(55,'2004-03-01',2004,1,3,'Marzo'),(56,'2004-04-01',2004,2,4,'Abril'),(57,'2004-05-01',2004,2,5,'Mayo'),(58,'2004-06-01',2004,2,6,'Junio'),(59,'2004-07-01',2004,3,7,'Julio'),(60,'2004-08-01',2004,3,8,'Agosto'),(61,'2004-09-01',2004,3,9,'Septiembre'),(62,'2004-10-01',2004,4,10,'Octubre'),(63,'2004-11-01',2004,4,11,'Noviembre'),(64,'2004-12-01',2004,4,12,'Diciembre'),(65,'2004-12-31',2004,4,12,'Diciembre'),(66,'2005-01-01',2005,1,1,'Enero'),(67,'2005-02-01',2005,1,2,'Febrero'),(68,'2005-03-01',2005,1,3,'Marzo'),(69,'2005-04-01',2005,2,4,'Abril'),(70,'2005-05-01',2005,2,5,'Mayo'),(71,'2005-06-01',2005,2,6,'Junio'),(72,'2005-07-01',2005,3,7,'Julio'),(73,'2005-08-01',2005,3,8,'Agosto'),(74,'2005-09-01',2005,3,9,'Septiembre'),(75,'2005-10-01',2005,4,10,'Octubre'),(76,'2005-11-01',2005,4,11,'Noviembre'),(77,'2005-12-01',2005,4,12,'Diciembre'),(78,'2005-12-31',2005,4,12,'Diciembre'),(79,'2006-01-01',2006,1,1,'Enero'),(80,'2006-02-01',2006,1,2,'Febrero'),(81,'2006-03-01',2006,1,3,'Marzo'),(82,'2006-04-01',2006,2,4,'Abril'),(83,'2006-05-01',2006,2,5,'Mayo'),(84,'2006-06-01',2006,2,6,'Junio'),(85,'2006-07-01',2006,3,7,'Julio'),(86,'2006-08-01',2006,3,8,'Agosto'),(87,'2006-09-01',2006,3,9,'Septiembre'),(88,'2006-10-01',2006,4,10,'Octubre'),(89,'2006-11-01',2006,4,11,'Noviembre'),(90,'2006-12-01',2006,4,12,'Diciembre'),(91,'2006-12-31',2006,4,12,'Diciembre'),(92,'2007-01-01',2007,1,1,'Enero'),(93,'2007-02-01',2007,1,2,'Febrero'),(94,'2007-03-01',2007,1,3,'Marzo'),(95,'2007-04-01',2007,2,4,'Abril'),(96,'2007-05-01',2007,2,5,'Mayo'),(97,'2007-06-01',2007,2,6,'Junio'),(98,'2007-07-01',2007,3,7,'Julio'),(99,'2007-08-01',2007,3,8,'Agosto'),(100,'2007-09-01',2007,3,9,'Septiembre'),(101,'2007-10-01',2007,4,10,'Octubre'),(102,'2007-11-01',2007,4,11,'Noviembre'),(103,'2007-12-01',2007,4,12,'Diciembre'),(104,'2007-12-31',2007,4,12,'Diciembre'),(105,'2008-01-01',2008,1,1,'Enero'),(106,'2008-02-01',2008,1,2,'Febrero'),(107,'2008-03-01',2008,1,3,'Marzo'),(108,'2008-04-01',2008,2,4,'Abril'),(109,'2008-05-01',2008,2,5,'Mayo'),(110,'2008-06-01',2008,2,6,'Junio'),(111,'2008-07-01',2008,3,7,'Julio'),(112,'2008-08-01',2008,3,8,'Agosto'),(113,'2008-09-01',2008,3,9,'Septiembre'),(114,'2008-10-01',2008,4,10,'Octubre'),(115,'2008-11-01',2008,4,11,'Noviembre'),(116,'2008-12-01',2008,4,12,'Diciembre'),(117,'2008-12-31',2008,4,12,'Diciembre'),(118,'2009-01-01',2009,1,1,'Enero'),(119,'2009-02-01',2009,1,2,'Febrero'),(120,'2009-03-01',2009,1,3,'Marzo'),(121,'2009-04-01',2009,2,4,'Abril'),(122,'2009-05-01',2009,2,5,'Mayo'),(123,'2009-06-01',2009,2,6,'Junio'),(124,'2009-07-01',2009,3,7,'Julio'),(125,'2009-08-01',2009,3,8,'Agosto'),(126,'2009-09-01',2009,3,9,'Septiembre'),(127,'2009-10-01',2009,4,10,'Octubre'),(128,'2009-11-01',2009,4,11,'Noviembre'),(129,'2009-12-01',2009,4,12,'Diciembre'),(130,'2009-12-31',2009,4,12,'Diciembre'),(131,'2010-01-01',2010,1,1,'Enero'),(132,'2010-02-01',2010,1,2,'Febrero'),(133,'2010-03-01',2010,1,3,'Marzo'),(134,'2010-04-01',2010,2,4,'Abril'),(135,'2010-05-01',2010,2,5,'Mayo'),(136,'2010-06-01',2010,2,6,'Junio'),(137,'2010-07-01',2010,3,7,'Julio'),(138,'2010-08-01',2010,3,8,'Agosto'),(139,'2010-09-01',2010,3,9,'Septiembre'),(140,'2010-10-01',2010,4,10,'Octubre'),(141,'2010-11-01',2010,4,11,'Noviembre'),(142,'2010-12-01',2010,4,12,'Diciembre'),(143,'2010-12-31',2010,4,12,'Diciembre'),(144,'2011-01-01',2011,1,1,'Enero'),(145,'2011-02-01',2011,1,2,'Febrero'),(146,'2011-03-01',2011,1,3,'Marzo'),(147,'2011-04-01',2011,2,4,'Abril'),(148,'2011-05-01',2011,2,5,'Mayo'),(149,'2011-06-01',2011,2,6,'Junio'),(150,'2011-07-01',2011,3,7,'Julio'),(151,'2011-08-01',2011,3,8,'Agosto'),(152,'2011-09-01',2011,3,9,'Septiembre'),(153,'2011-10-01',2011,4,10,'Octubre'),(154,'2011-11-01',2011,4,11,'Noviembre'),(155,'2011-12-01',2011,4,12,'Diciembre'),(156,'2011-12-31',2011,4,12,'Diciembre'),(157,'2012-01-01',2012,1,1,'Enero'),(158,'2012-02-01',2012,1,2,'Febrero'),(159,'2012-03-01',2012,1,3,'Marzo'),(160,'2012-04-01',2012,2,4,'Abril'),(161,'2012-05-01',2012,2,5,'Mayo'),(162,'2012-06-01',2012,2,6,'Junio'),(163,'2012-07-01',2012,3,7,'Julio'),(164,'2012-08-01',2012,3,8,'Agosto'),(165,'2012-09-01',2012,3,9,'Septiembre'),(166,'2012-10-01',2012,4,10,'Octubre'),(167,'2012-11-01',2012,4,11,'Noviembre'),(168,'2012-12-01',2012,4,12,'Diciembre'),(169,'2012-12-31',2012,4,12,'Diciembre'),(170,'2013-01-01',2013,1,1,'Enero'),(171,'2013-02-01',2013,1,2,'Febrero'),(172,'2013-03-01',2013,1,3,'Marzo'),(173,'2013-04-01',2013,2,4,'Abril'),(174,'2013-05-01',2013,2,5,'Mayo'),(175,'2013-06-01',2013,2,6,'Junio'),(176,'2013-07-01',2013,3,7,'Julio'),(177,'2013-08-01',2013,3,8,'Agosto'),(178,'2013-09-01',2013,3,9,'Septiembre'),(179,'2013-10-01',2013,4,10,'Octubre'),(180,'2013-11-01',2013,4,11,'Noviembre'),(181,'2013-12-01',2013,4,12,'Diciembre'),(182,'2013-12-31',2013,4,12,'Diciembre'),(183,'2014-01-01',2014,1,1,'Enero'),(184,'2014-02-01',2014,1,2,'Febrero'),(185,'2014-03-01',2014,1,3,'Marzo'),(186,'2014-04-01',2014,2,4,'Abril'),(187,'2014-05-01',2014,2,5,'Mayo'),(188,'2014-06-01',2014,2,6,'Junio'),(189,'2014-07-01',2014,3,7,'Julio'),(190,'2014-08-01',2014,3,8,'Agosto'),(191,'2014-09-01',2014,3,9,'Septiembre'),(192,'2014-10-01',2014,4,10,'Octubre'),(193,'2014-11-01',2014,4,11,'Noviembre'),(194,'2014-12-01',2014,4,12,'Diciembre'),(195,'2014-12-31',2014,4,12,'Diciembre'),(196,'2015-01-01',2015,1,1,'Enero'),(197,'2015-02-01',2015,1,2,'Febrero'),(198,'2015-03-01',2015,1,3,'Marzo'),(199,'2015-04-01',2015,2,4,'Abril'),(200,'2015-05-01',2015,2,5,'Mayo'),(201,'2015-06-01',2015,2,6,'Junio'),(202,'2015-07-01',2015,3,7,'Julio'),(203,'2015-08-01',2015,3,8,'Agosto'),(204,'2015-09-01',2015,3,9,'Septiembre'),(205,'2015-10-01',2015,4,10,'Octubre'),(206,'2015-11-01',2015,4,11,'Noviembre'),(207,'2015-12-01',2015,4,12,'Diciembre'),(208,'2015-12-31',2015,4,12,'Diciembre'),(209,'2016-01-01',2016,1,1,'Enero'),(210,'2016-02-01',2016,1,2,'Febrero'),(211,'2016-03-01',2016,1,3,'Marzo'),(212,'2016-04-01',2016,2,4,'Abril'),(213,'2016-05-01',2016,2,5,'Mayo'),(214,'2016-06-01',2016,2,6,'Junio'),(215,'2016-07-01',2016,3,7,'Julio'),(216,'2016-08-01',2016,3,8,'Agosto'),(217,'2016-09-01',2016,3,9,'Septiembre'),(218,'2016-10-01',2016,4,10,'Octubre'),(219,'2016-11-01',2016,4,11,'Noviembre'),(220,'2016-12-01',2016,4,12,'Diciembre'),(221,'2016-12-31',2016,4,12,'Diciembre'),(222,'2017-01-01',2017,1,1,'Enero'),(223,'2017-02-01',2017,1,2,'Febrero'),(224,'2017-03-01',2017,1,3,'Marzo'),(225,'2017-04-01',2017,2,4,'Abril'),(226,'2017-05-01',2017,2,5,'Mayo'),(227,'2017-06-01',2017,2,6,'Junio'),(228,'2017-07-01',2017,3,7,'Julio'),(229,'2017-08-01',2017,3,8,'Agosto'),(230,'2017-09-01',2017,3,9,'Septiembre'),(231,'2017-10-01',2017,4,10,'Octubre'),(232,'2017-11-01',2017,4,11,'Noviembre'),(233,'2017-12-01',2017,4,12,'Diciembre'),(234,'2017-12-31',2017,4,12,'Diciembre'),(235,'2018-01-01',2018,1,1,'Enero'),(236,'2018-02-01',2018,1,2,'Febrero'),(237,'2018-03-01',2018,1,3,'Marzo'),(238,'2018-04-01',2018,2,4,'Abril'),(239,'2018-05-01',2018,2,5,'Mayo'),(240,'2018-06-01',2018,2,6,'Junio'),(241,'2018-07-01',2018,3,7,'Julio'),(242,'2018-08-01',2018,3,8,'Agosto'),(243,'2018-09-01',2018,3,9,'Septiembre'),(244,'2018-10-01',2018,4,10,'Octubre'),(245,'2018-11-01',2018,4,11,'Noviembre'),(246,'2018-12-01',2018,4,12,'Diciembre'),(247,'2018-12-31',2018,4,12,'Diciembre'),(248,'2019-01-01',2019,1,1,'Enero'),(249,'2019-02-01',2019,1,2,'Febrero'),(250,'2019-03-01',2019,1,3,'Marzo'),(251,'2019-04-01',2019,2,4,'Abril'),(252,'2019-05-01',2019,2,5,'Mayo'),(253,'2019-06-01',2019,2,6,'Junio'),(254,'2019-07-01',2019,3,7,'Julio'),(255,'2019-08-01',2019,3,8,'Agosto'),(256,'2019-09-01',2019,3,9,'Septiembre'),(257,'2019-10-01',2019,4,10,'Octubre'),(258,'2019-11-01',2019,4,11,'Noviembre'),(259,'2019-12-01',2019,4,12,'Diciembre'),(260,'2019-12-31',2019,4,12,'Diciembre'),(261,'2020-01-01',2020,1,1,'Enero'),(262,'2020-02-01',2020,1,2,'Febrero'),(263,'2020-03-01',2020,1,3,'Marzo'),(264,'2020-04-01',2020,2,4,'Abril'),(265,'2020-05-01',2020,2,5,'Mayo'),(266,'2020-06-01',2020,2,6,'Junio'),(267,'2020-07-01',2020,3,7,'Julio'),(268,'2020-08-01',2020,3,8,'Agosto'),(269,'2020-09-01',2020,3,9,'Septiembre'),(270,'2020-10-01',2020,4,10,'Octubre'),(271,'2020-11-01',2020,4,11,'Noviembre'),(272,'2020-12-01',2020,4,12,'Diciembre'),(273,'2020-12-31',2020,4,12,'Diciembre'),(274,'2021-01-01',2021,1,1,'Enero'),(275,'2021-02-01',2021,1,2,'Febrero'),(276,'2021-03-01',2021,1,3,'Marzo'),(277,'2021-04-01',2021,2,4,'Abril'),(278,'2021-05-01',2021,2,5,'Mayo'),(279,'2021-06-01',2021,2,6,'Junio'),(280,'2021-07-01',2021,3,7,'Julio'),(281,'2021-08-01',2021,3,8,'Agosto'),(282,'2021-09-01',2021,3,9,'Septiembre'),(283,'2021-10-01',2021,4,10,'Octubre'),(284,'2021-11-01',2021,4,11,'Noviembre'),(285,'2021-12-01',2021,4,12,'Diciembre'),(286,'2021-12-31',2021,4,12,'Diciembre'),(287,'2022-01-01',2022,1,1,'Enero'),(288,'2022-02-01',2022,1,2,'Febrero'),(289,'2022-03-01',2022,1,3,'Marzo'),(290,'2022-04-01',2022,2,4,'Abril'),(291,'2022-05-01',2022,2,5,'Mayo'),(292,'2022-06-01',2022,2,6,'Junio'),(293,'2022-07-01',2022,3,7,'Julio'),(294,'2022-08-01',2022,3,8,'Agosto'),(295,'2022-09-01',2022,3,9,'Septiembre'),(296,'2022-10-01',2022,4,10,'Octubre'),(297,'2022-11-01',2022,4,11,'Noviembre'),(298,'2022-12-01',2022,4,12,'Diciembre'),(299,'2022-12-31',2022,4,12,'Diciembre'),(300,'2023-01-01',2023,1,1,'Enero'),(301,'2023-02-01',2023,1,2,'Febrero'),(302,'2023-03-01',2023,1,3,'Marzo'),(303,'2023-04-01',2023,2,4,'Abril'),(304,'2023-05-01',2023,2,5,'Mayo'),(305,'2023-06-01',2023,2,6,'Junio'),(306,'2023-07-01',2023,3,7,'Julio'),(307,'2023-08-01',2023,3,8,'Agosto'),(308,'2023-09-01',2023,3,9,'Septiembre'),(309,'2023-10-01',2023,4,10,'Octubre'),(310,'2023-11-01',2023,4,11,'Noviembre'),(311,'2023-12-01',2023,4,12,'Diciembre'),(312,'2023-12-31',2023,4,12,'Diciembre'),(313,'2024-01-01',2024,1,1,'Enero'),(314,'2024-02-01',2024,1,2,'Febrero'),(315,'2024-03-01',2024,1,3,'Marzo'),(316,'2024-04-01',2024,2,4,'Abril'),(317,'2024-05-01',2024,2,5,'Mayo'),(318,'2024-06-01',2024,2,6,'Junio'),(319,'2024-07-01',2024,3,7,'Julio'),(320,'2024-08-01',2024,3,8,'Agosto'),(321,'2024-09-01',2024,3,9,'Septiembre'),(322,'2024-10-01',2024,4,10,'Octubre'),(323,'2024-11-01',2024,4,11,'Noviembre'),(324,'2024-12-01',2024,4,12,'Diciembre'),(325,'2024-12-31',2024,4,12,'Diciembre'),(326,'2025-01-01',2025,1,1,'Enero'),(327,'2025-02-01',2025,1,2,'Febrero'),(328,'2025-03-01',2025,1,3,'Marzo'),(329,'2025-04-01',2025,2,4,'Abril'),(330,'2025-05-01',2025,2,5,'Mayo'),(331,'2025-06-01',2025,2,6,'Junio'),(332,'2025-07-01',2025,3,7,'Julio'),(333,'2025-08-01',2025,3,8,'Agosto'),(334,'2025-09-01',2025,3,9,'Septiembre'),(335,'2025-10-01',2025,4,10,'Octubre'),(336,'2025-11-01',2025,4,11,'Noviembre'),(337,'2025-12-01',2025,4,12,'Diciembre'),(338,'2025-12-31',2025,4,12,'Diciembre');
/*!40000 ALTER TABLE `dim_date` ENABLE KEYS */;
UNLOCK TABLES;

--
-- Table structure for table `dim_region`
--

DROP TABLE IF EXISTS `dim_region`;
/*!40101 SET @saved_cs_client     = @@character_set_client */;
/*!50503 SET character_set_client = utf8mb4 */;
CREATE TABLE `dim_region` (
  `id_region` int NOT NULL AUTO_INCREMENT,
  `pais` varchar(100) COLLATE utf8mb4_unicode_ci NOT NULL,
  `zona_geografica` varchar(100) COLLATE utf8mb4_unicode_ci DEFAULT NULL,
  `region` varchar(100) COLLATE utf8mb4_unicode_ci NOT NULL,
  PRIMARY KEY (`id_region`),
  UNIQUE KEY `uq_dim_region_pais_region` (`pais`,`region`)
) ENGINE=InnoDB AUTO_INCREMENT=16 DEFAULT CHARSET=utf8mb4 COLLATE=utf8mb4_unicode_ci;
/*!40101 SET character_set_client = @saved_cs_client */;

--
-- Dumping data for table `dim_region`
--

LOCK TABLES `dim_region` WRITE;
/*!40000 ALTER TABLE `dim_region` DISABLE KEYS */;
INSERT INTO `dim_region` VALUES (1,'Chile','Norte','Antofagasta'),(2,'Chile','Norte','Arica y Parinacota'),(3,'Chile','Norte','Atacama'),(4,'Chile','Centro Sur','Biobío'),(5,'Chile','Norte Chico','Coquimbo'),(6,'Chile','Sur','La Araucanía'),(7,'Chile','Sur','Los Lagos'),(8,'Chile','Sur','Los Ríos'),(9,'Chile','Centro Sur','Maule'),(10,'Chile','Centro','Metropolitana'),(11,'Chile','Centro','O\'Higgins'),(12,'Chile','Norte','Tarapacá'),(13,'Chile','Nacional','Todas las regiones'),(14,'Chile','Centro','Valparaíso'),(15,'Chile','Centro Sur','Ñuble');
/*!40000 ALTER TABLE `dim_region` ENABLE KEYS */;
UNLOCK TABLES;

--
-- Table structure for table `dim_sistema`
--

DROP TABLE IF EXISTS `dim_sistema`;
/*!40101 SET @saved_cs_client     = @@character_set_client */;
/*!50503 SET character_set_client = utf8mb4 */;
CREATE TABLE `dim_sistema` (
  `id_sistema` int NOT NULL AUTO_INCREMENT,
  `nombre_sistema` varchar(100) COLLATE utf8mb4_unicode_ci NOT NULL,
  `tipo_sistema` varchar(100) COLLATE utf8mb4_unicode_ci DEFAULT NULL,
  `pais` varchar(100) COLLATE utf8mb4_unicode_ci NOT NULL,
  PRIMARY KEY (`id_sistema`),
  UNIQUE KEY `nombre_sistema` (`nombre_sistema`)
) ENGINE=InnoDB AUTO_INCREMENT=4 DEFAULT CHARSET=utf8mb4 COLLATE=utf8mb4_unicode_ci;
/*!40101 SET character_set_client = @saved_cs_client */;

--
-- Dumping data for table `dim_sistema`
--

LOCK TABLES `dim_sistema` WRITE;
/*!40000 ALTER TABLE `dim_sistema` DISABLE KEYS */;
INSERT INTO `dim_sistema` VALUES (1,'SIC','Sistema interconectado histórico','Chile'),(2,'SING','Sistema interconectado histórico','Chile'),(3,'Sistema Eléctrico Nacional','Nacional consolidado','Chile');
/*!40000 ALTER TABLE `dim_sistema` ENABLE KEYS */;
UNLOCK TABLES;

--
-- Table structure for table `dim_tecnologia`
--

DROP TABLE IF EXISTS `dim_tecnologia`;
/*!40101 SET @saved_cs_client     = @@character_set_client */;
/*!50503 SET character_set_client = utf8mb4 */;
CREATE TABLE `dim_tecnologia` (
  `id_tecnologia` int NOT NULL AUTO_INCREMENT,
  `tecnologia` varchar(100) COLLATE utf8mb4_unicode_ci NOT NULL,
  `categoria_tecnologia` varchar(100) COLLATE utf8mb4_unicode_ci DEFAULT NULL,
  `tipo_recurso` varchar(100) COLLATE utf8mb4_unicode_ci DEFAULT NULL,
  `es_renovable` tinyint(1) NOT NULL,
  PRIMARY KEY (`id_tecnologia`),
  UNIQUE KEY `tecnologia` (`tecnologia`)
) ENGINE=InnoDB AUTO_INCREMENT=15 DEFAULT CHARSET=utf8mb4 COLLATE=utf8mb4_unicode_ci;
/*!40101 SET character_set_client = @saved_cs_client */;

--
-- Dumping data for table `dim_tecnologia`
--

LOCK TABLES `dim_tecnologia` WRITE;
/*!40000 ALTER TABLE `dim_tecnologia` DISABLE KEYS */;
INSERT INTO `dim_tecnologia` VALUES (1,'Biogás','Renovable no convencional','Biogás',1),(2,'Biomasa','Renovable no convencional','Biomasa',1),(3,'Carbón','Térmica fósil','Carbón',0),(4,'Cogeneración','Térmica','Mixto',0),(5,'Diésel','Térmica fósil','Derivado del petróleo',0),(6,'Eólica','Renovable no convencional','Viento',1),(7,'Fuel Oil','Térmica fósil','Derivado del petróleo',0),(8,'Gas Natural','Térmica fósil','Gas natural',0),(9,'Geotérmica','Renovable no convencional','Geotermia',1),(10,'Hidráulica','Renovable convencional','Agua',1),(11,'Otros térmicos','Térmica','Mixto',0),(12,'Petcoke','Térmica fósil','Derivado del petróleo',0),(13,'Solar','Renovable no convencional','Sol',1),(14,'Termosolar','Renovable no convencional','Sol',1);
/*!40000 ALTER TABLE `dim_tecnologia` ENABLE KEYS */;
UNLOCK TABLES;

--
-- Table structure for table `dim_tipo_cliente`
--

DROP TABLE IF EXISTS `dim_tipo_cliente`;
/*!40101 SET @saved_cs_client     = @@character_set_client */;
/*!50503 SET character_set_client = utf8mb4 */;
CREATE TABLE `dim_tipo_cliente` (
  `id_tipo_cliente` int NOT NULL AUTO_INCREMENT,
  `tipo_cliente` varchar(100) COLLATE utf8mb4_unicode_ci NOT NULL,
  `segmento_cliente` varchar(100) COLLATE utf8mb4_unicode_ci DEFAULT NULL,
  `descripcion` varchar(255) COLLATE utf8mb4_unicode_ci DEFAULT NULL,
  PRIMARY KEY (`id_tipo_cliente`),
  UNIQUE KEY `tipo_cliente` (`tipo_cliente`)
) ENGINE=InnoDB AUTO_INCREMENT=4 DEFAULT CHARSET=utf8mb4 COLLATE=utf8mb4_unicode_ci;
/*!40101 SET character_set_client = @saved_cs_client */;

--
-- Dumping data for table `dim_tipo_cliente`
--

LOCK TABLES `dim_tipo_cliente` WRITE;
/*!40000 ALTER TABLE `dim_tipo_cliente` DISABLE KEYS */;
INSERT INTO `dim_tipo_cliente` VALUES (1,'Distribuidor','Regulado','Energía vendida a empresas distribuidoras.'),(2,'Libre','No regulado','Energía vendida a clientes libres.'),(3,'Total','Agregado','Total sin desglose por tipo de cliente en la fuente.');
/*!40000 ALTER TABLE `dim_tipo_cliente` ENABLE KEYS */;
UNLOCK TABLES;

--
-- Table structure for table `fact_capacidad_instalada`
--

DROP TABLE IF EXISTS `fact_capacidad_instalada`;
/*!40101 SET @saved_cs_client     = @@character_set_client */;
/*!50503 SET character_set_client = utf8mb4 */;
CREATE TABLE `fact_capacidad_instalada` (
  `id_capacidad` int NOT NULL AUTO_INCREMENT,
  `id_date` int NOT NULL,
  `id_sistema` int NOT NULL,
  `id_tecnologia` int NOT NULL,
  `id_region` int NOT NULL,
  `nivel_geografico` varchar(20) COLLATE utf8mb4_unicode_ci NOT NULL,
  `capacidad_instalada_mw` decimal(20,6) NOT NULL,
  PRIMARY KEY (`id_capacidad`),
  UNIQUE KEY `uq_fact_capacidad_grano` (`id_date`,`id_sistema`,`id_tecnologia`,`id_region`),
  KEY `ix_fact_capacidad_tecnologia` (`id_tecnologia`),
  KEY `ix_fact_capacidad_sistema` (`id_sistema`),
  KEY `ix_fact_capacidad_date` (`id_date`),
  KEY `ix_fact_capacidad_region` (`id_region`),
  CONSTRAINT `fact_capacidad_instalada_ibfk_1` FOREIGN KEY (`id_date`) REFERENCES `dim_date` (`id_date`),
  CONSTRAINT `fact_capacidad_instalada_ibfk_2` FOREIGN KEY (`id_sistema`) REFERENCES `dim_sistema` (`id_sistema`),
  CONSTRAINT `fact_capacidad_instalada_ibfk_3` FOREIGN KEY (`id_tecnologia`) REFERENCES `dim_tecnologia` (`id_tecnologia`),
  CONSTRAINT `fact_capacidad_instalada_ibfk_4` FOREIGN KEY (`id_region`) REFERENCES `dim_region` (`id_region`)
) ENGINE=InnoDB AUTO_INCREMENT=1853 DEFAULT CHARSET=utf8mb4 COLLATE=utf8mb4_unicode_ci;
/*!40101 SET character_set_client = @saved_cs_client */;

--
-- Dumping data for table `fact_capacidad_instalada`
--

LOCK TABLES `fact_capacidad_instalada` WRITE;
/*!40000 ALTER TABLE `fact_capacidad_instalada` DISABLE KEYS */;
INSERT INTO `fact_capacidad_instalada` VALUES (1,13,3,10,13,'SISTEMA',4043.102000),(2,13,3,3,13,'SISTEMA',2143.000000),(3,13,3,5,13,'SISTEMA',612.000000),(4,13,3,8,13,'SISTEMA',2878.000000),(5,13,3,6,13,'SISTEMA',0.000000),(6,13,3,13,13,'SISTEMA',0.000000),(7,13,3,14,13,'SISTEMA',0.000000),(8,13,3,9,13,'SISTEMA',0.000000),(9,13,3,11,13,'SISTEMA',17.200000),(10,26,3,10,13,'SISTEMA',4043.000000),(11,26,3,3,13,'SISTEMA',2043.100000),(12,26,3,5,13,'SISTEMA',638.500000),(13,26,3,8,13,'SISTEMA',3278.000000),(14,26,3,6,13,'SISTEMA',0.000000),(15,26,3,13,13,'SISTEMA',0.000000),(16,26,3,14,13,'SISTEMA',0.000000),(17,26,3,9,13,'SISTEMA',0.000000),(18,26,3,11,13,'SISTEMA',17.200000),(19,39,3,10,13,'SISTEMA',4068.102000),(20,39,3,3,13,'SISTEMA',2043.100000),(21,39,3,5,13,'SISTEMA',663.500000),(22,39,3,8,13,'SISTEMA',3578.300000),(23,39,3,6,13,'SISTEMA',0.000000),(24,39,3,13,13,'SISTEMA',0.000000),(25,39,3,14,13,'SISTEMA',0.000000),(26,39,3,9,13,'SISTEMA',0.000000),(27,39,3,11,13,'SISTEMA',17.200000),(28,52,3,10,13,'SISTEMA',4068.102000),(29,52,3,3,13,'SISTEMA',2043.100000),(30,52,3,5,13,'SISTEMA',671.400000),(31,52,3,8,13,'SISTEMA',3828.400000),(32,52,3,6,13,'SISTEMA',0.000000),(33,52,3,13,13,'SISTEMA',0.000000),(34,52,3,14,13,'SISTEMA',0.000000),(35,52,3,9,13,'SISTEMA',0.000000),(36,52,3,11,13,'SISTEMA',26.200000),(37,65,3,10,13,'SISTEMA',4708.102000),(38,65,3,3,13,'SISTEMA',2043.340000),(39,65,3,5,13,'SISTEMA',701.300000),(40,65,3,8,13,'SISTEMA',3993.350000),(41,65,3,6,13,'SISTEMA',0.000000),(42,65,3,13,13,'SISTEMA',0.000000),(43,65,3,14,13,'SISTEMA',0.000000),(44,65,3,9,13,'SISTEMA',0.000000),(45,65,3,11,13,'SISTEMA',17.400000),(46,78,3,10,13,'SISTEMA',4707.602000),(47,78,3,3,13,'SISTEMA',2043.340000),(48,78,3,5,13,'SISTEMA',794.283000),(49,78,3,8,13,'SISTEMA',4292.950000),(50,78,3,6,13,'SISTEMA',0.000000),(51,78,3,13,13,'SISTEMA',0.000000),(52,78,3,14,13,'SISTEMA',0.000000),(53,78,3,9,13,'SISTEMA',0.000000),(54,78,3,11,13,'SISTEMA',17.400000),(55,91,3,10,13,'SISTEMA',4711.402000),(56,91,3,3,13,'SISTEMA',2043.340000),(57,91,3,5,13,'SISTEMA',804.283000),(58,91,3,8,13,'SISTEMA',4292.950000),(59,91,3,6,13,'SISTEMA',0.000000),(60,91,3,13,13,'SISTEMA',0.000000),(61,91,3,14,13,'SISTEMA',0.000000),(62,91,3,9,13,'SISTEMA',0.000000),(63,91,3,11,13,'SISTEMA',17.400000),(64,104,3,10,13,'SISTEMA',5223.486000),(65,104,3,3,13,'SISTEMA',2123.340000),(66,104,3,5,13,'SISTEMA',973.643000),(67,104,3,8,13,'SISTEMA',4696.050000),(68,104,3,6,13,'SISTEMA',18.200000),(69,104,3,13,13,'SISTEMA',0.000000),(70,104,3,14,13,'SISTEMA',0.000000),(71,104,3,9,13,'SISTEMA',0.000000),(72,104,3,11,13,'SISTEMA',17.400000),(73,117,3,10,13,'SISTEMA',5309.036000),(74,117,3,3,13,'SISTEMA',2131.440000),(75,117,3,5,13,'SISTEMA',1153.043000),(76,117,3,8,13,'SISTEMA',4859.750000),(77,117,3,6,13,'SISTEMA',18.200000),(78,117,3,13,13,'SISTEMA',0.000000),(79,117,3,14,13,'SISTEMA',0.000000),(80,117,3,9,13,'SISTEMA',0.000000),(81,117,3,11,13,'SISTEMA',32.400000),(82,130,3,10,13,'SISTEMA',5335.702000),(83,130,3,3,13,'SISTEMA',2287.560000),(84,130,3,5,13,'SISTEMA',2462.541000),(85,130,3,8,13,'SISTEMA',4844.850000),(86,130,3,6,13,'SISTEMA',81.800000),(87,130,3,13,13,'SISTEMA',0.000000),(88,130,3,14,13,'SISTEMA',0.000000),(89,130,3,9,13,'SISTEMA',0.000000),(90,130,3,11,13,'SISTEMA',90.300000),(91,143,3,10,13,'SISTEMA',5370.804000),(92,143,3,3,13,'SISTEMA',2695.540000),(93,143,3,5,13,'SISTEMA',2571.691000),(94,143,3,8,13,'SISTEMA',4884.050000),(95,143,3,6,13,'SISTEMA',165.800000),(96,143,3,13,13,'SISTEMA',0.000000),(97,143,3,14,13,'SISTEMA',0.000000),(98,143,3,9,13,'SISTEMA',0.000000),(99,143,3,11,13,'SISTEMA',160.300000),(100,156,3,10,13,'SISTEMA',5855.154000),(101,156,3,3,13,'SISTEMA',3524.693000),(102,156,3,5,13,'SISTEMA',2659.991000),(103,156,3,8,13,'SISTEMA',4884.050000),(104,156,3,6,13,'SISTEMA',195.800000),(105,156,3,13,13,'SISTEMA',0.000000),(106,156,3,14,13,'SISTEMA',0.000000),(107,156,3,9,13,'SISTEMA',0.000000),(108,156,3,11,13,'SISTEMA',180.550000),(109,169,3,10,13,'SISTEMA',5934.174000),(110,169,3,3,13,'SISTEMA',4221.993000),(111,169,3,5,13,'SISTEMA',2640.540000),(112,169,3,8,13,'SISTEMA',4888.400000),(113,169,3,6,13,'SISTEMA',195.800000),(114,169,3,13,13,'SISTEMA',1.350000),(115,169,3,14,13,'SISTEMA',0.000000),(116,169,3,9,13,'SISTEMA',0.000000),(117,169,3,11,13,'SISTEMA',306.780000),(118,182,3,10,13,'SISTEMA',5987.000000),(119,182,3,3,13,'SISTEMA',4516.693000),(120,182,3,5,13,'SISTEMA',2672.971000),(121,182,3,8,13,'SISTEMA',4934.550000),(122,182,3,6,13,'SISTEMA',293.000000),(123,182,3,13,13,'SISTEMA',8.470000),(124,182,3,14,13,'SISTEMA',0.000000),(125,182,3,9,13,'SISTEMA',0.000000),(126,182,3,11,13,'SISTEMA',341.700000),(127,195,3,10,13,'SISTEMA',6383.600000),(128,195,3,3,13,'SISTEMA',4516.693000),(129,195,3,5,13,'SISTEMA',2799.471000),(130,195,3,8,13,'SISTEMA',4086.100000),(131,195,3,6,13,'SISTEMA',735.340000),(132,195,3,13,13,'SISTEMA',222.144000),(133,195,3,14,13,'SISTEMA',0.000000),(134,195,3,9,13,'SISTEMA',0.000000),(135,195,3,11,13,'SISTEMA',516.800000),(136,208,3,10,13,'SISTEMA',6486.980000),(137,208,3,3,13,'SISTEMA',4619.869000),(138,208,3,5,13,'SISTEMA',2444.784000),(139,208,3,8,13,'SISTEMA',4513.455000),(140,208,3,6,13,'SISTEMA',909.840000),(141,208,3,13,13,'SISTEMA',547.134000),(142,208,3,14,13,'SISTEMA',0.000000),(143,208,3,9,13,'SISTEMA',0.000000),(144,208,3,11,13,'SISTEMA',571.000000),(145,221,3,10,13,'SISTEMA',6630.150000),(146,221,3,3,13,'SISTEMA',5169.588000),(147,221,3,5,13,'SISTEMA',2474.948000),(148,221,3,8,13,'SISTEMA',4930.875000),(149,221,3,6,13,'SISTEMA',1140.040000),(150,221,3,13,13,'SISTEMA',1286.740000),(151,221,3,14,13,'SISTEMA',0.000000),(152,221,3,9,13,'SISTEMA',0.000000),(153,221,3,11,13,'SISTEMA',613.700000),(154,234,3,10,13,'SISTEMA',6736.720000),(155,234,3,3,13,'SISTEMA',5190.588000),(156,234,3,5,13,'SISTEMA',2500.076000),(157,234,3,8,13,'SISTEMA',4942.875000),(158,234,3,6,13,'SISTEMA',1420.080000),(159,234,3,13,13,'SISTEMA',2264.910000),(160,234,3,14,13,'SISTEMA',0.000000),(161,234,3,9,13,'SISTEMA',55.000000),(162,234,3,11,13,'SISTEMA',617.100000),(163,247,3,10,13,'SISTEMA',6754.420000),(164,247,3,3,13,'SISTEMA',5544.588000),(165,247,3,5,13,'SISTEMA',2527.076000),(166,247,3,8,13,'SISTEMA',4949.275000),(167,247,3,6,13,'SISTEMA',1741.210000),(168,247,3,13,13,'SISTEMA',2432.510000),(169,247,3,14,13,'SISTEMA',0.000000),(170,247,3,9,13,'SISTEMA',44.910000),(171,247,3,11,13,'SISTEMA',617.100000),(172,260,3,10,13,'SISTEMA',6826.896000),(173,260,3,3,13,'SISTEMA',5192.415000),(174,260,3,5,13,'SISTEMA',2701.402480),(175,260,3,8,13,'SISTEMA',4916.440000),(176,260,3,6,13,'SISTEMA',2161.840000),(177,260,3,13,13,'SISTEMA',2798.694000),(178,260,3,14,13,'SISTEMA',0.000000),(179,260,3,9,13,'SISTEMA',44.910000),(180,260,3,11,13,'SISTEMA',569.460000),(181,273,3,10,13,'SISTEMA',6814.416000),(182,273,3,3,13,'SISTEMA',5062.415000),(183,273,3,5,13,'SISTEMA',2934.236480),(184,273,3,8,13,'SISTEMA',4935.900000),(185,273,3,6,13,'SISTEMA',2526.802000),(186,273,3,13,13,'SISTEMA',3574.881000),(187,273,3,14,13,'SISTEMA',0.000000),(188,273,3,9,13,'SISTEMA',44.910000),(189,273,3,11,13,'SISTEMA',569.460000),(190,286,3,10,13,'SISTEMA',7112.916000),(191,286,3,3,13,'SISTEMA',5064.446000),(192,286,3,5,13,'SISTEMA',3229.305480),(193,286,3,8,13,'SISTEMA',5016.139000),(194,286,3,6,13,'SISTEMA',3536.402000),(195,286,3,13,13,'SISTEMA',6087.914000),(196,286,3,14,13,'SISTEMA',110.000000),(197,286,3,9,13,'SISTEMA',77.910000),(198,286,3,11,13,'SISTEMA',627.301000),(199,299,3,10,13,'SISTEMA',7396.486000),(200,299,3,3,13,'SISTEMA',4331.900000),(201,299,3,5,13,'SISTEMA',3245.550280),(202,299,3,8,13,'SISTEMA',5016.139000),(203,299,3,6,13,'SISTEMA',4328.052000),(204,299,3,13,13,'SISTEMA',7907.919000),(205,299,3,14,13,'SISTEMA',110.000000),(206,299,3,9,13,'SISTEMA',81.630000),(207,299,3,11,13,'SISTEMA',800.301000),(208,312,3,10,13,'SISTEMA',7514.272100),(209,312,3,3,13,'SISTEMA',3786.470000),(210,312,3,5,13,'SISTEMA',2878.486930),(211,312,3,8,13,'SISTEMA',5381.426000),(212,312,3,6,13,'SISTEMA',4710.029000),(213,312,3,13,13,'SISTEMA',9061.311810),(214,312,3,14,13,'SISTEMA',110.000000),(215,312,3,9,13,'SISTEMA',94.840000),(216,312,3,11,13,'SISTEMA',739.143000),(217,325,3,10,13,'SISTEMA',7566.017800),(218,325,3,3,13,'SISTEMA',3510.080000),(219,325,3,5,13,'SISTEMA',3022.713730),(220,325,3,8,13,'SISTEMA',5281.505300),(221,325,3,6,13,'SISTEMA',5279.569000),(222,325,3,13,13,'SISTEMA',11190.857946),(223,325,3,14,13,'SISTEMA',114.400000),(224,325,3,9,13,'SISTEMA',94.880000),(225,325,3,11,13,'SISTEMA',717.900000),(226,338,3,10,13,'SISTEMA',7549.670430),(227,338,3,3,13,'SISTEMA',3515.213000),(228,338,3,5,13,'SISTEMA',3021.484630),(229,338,3,8,13,'SISTEMA',5266.129200),(230,338,3,6,13,'SISTEMA',6348.751900),(231,338,3,13,13,'SISTEMA',12314.178446),(232,338,3,14,13,'SISTEMA',114.400000),(233,338,3,9,13,'SISTEMA',94.880000),(234,338,3,11,13,'SISTEMA',974.277000),(235,13,1,10,13,'SISTEMA',4030.300000),(236,13,1,3,13,'SISTEMA',937.360000),(237,13,1,5,13,'SISTEMA',308.000000),(238,13,1,8,13,'SISTEMA',1359.000000),(239,13,1,6,13,'SISTEMA',0.000000),(240,13,1,13,13,'SISTEMA',0.000000),(241,13,1,14,13,'SISTEMA',0.000000),(242,13,1,9,13,'SISTEMA',0.000000),(243,13,1,11,13,'SISTEMA',17.200000),(244,26,1,10,13,'SISTEMA',4030.198000),(245,26,1,3,13,'SISTEMA',837.460000),(246,26,1,5,13,'SISTEMA',334.500000),(247,26,1,8,13,'SISTEMA',1359.000000),(248,26,1,6,13,'SISTEMA',0.000000),(249,26,1,13,13,'SISTEMA',0.000000),(250,26,1,14,13,'SISTEMA',0.000000),(251,26,1,9,13,'SISTEMA',0.000000),(252,26,1,11,13,'SISTEMA',17.200000),(253,39,1,10,13,'SISTEMA',4055.300000),(254,39,1,3,13,'SISTEMA',837.460000),(255,39,1,5,13,'SISTEMA',359.500000),(256,39,1,8,13,'SISTEMA',1466.650000),(257,39,1,6,13,'SISTEMA',0.000000),(258,39,1,13,13,'SISTEMA',0.000000),(259,39,1,14,13,'SISTEMA',0.000000),(260,39,1,9,13,'SISTEMA',0.000000),(261,39,1,11,13,'SISTEMA',17.200000),(262,52,1,10,13,'SISTEMA',4055.300000),(263,52,1,3,13,'SISTEMA',837.460000),(264,52,1,5,13,'SISTEMA',359.400000),(265,52,1,8,13,'SISTEMA',1716.750000),(266,52,1,6,13,'SISTEMA',0.000000),(267,52,1,13,13,'SISTEMA',0.000000),(268,52,1,14,13,'SISTEMA',0.000000),(269,52,1,9,13,'SISTEMA',0.000000),(270,52,1,11,13,'SISTEMA',26.200000),(271,65,1,10,13,'SISTEMA',4695.300000),(272,65,1,3,13,'SISTEMA',837.700000),(273,65,1,5,13,'SISTEMA',435.300000),(274,65,1,8,13,'SISTEMA',1881.700000),(275,65,1,6,13,'SISTEMA',0.000000),(276,65,1,13,13,'SISTEMA',0.000000),(277,65,1,14,13,'SISTEMA',0.000000),(278,65,1,9,13,'SISTEMA',0.000000),(279,65,1,11,13,'SISTEMA',17.400000),(280,78,1,10,13,'SISTEMA',4694.800000),(281,78,1,3,13,'SISTEMA',837.700000),(282,78,1,5,13,'SISTEMA',528.580000),(283,78,1,8,13,'SISTEMA',2181.300000),(284,78,1,6,13,'SISTEMA',0.000000),(285,78,1,13,13,'SISTEMA',0.000000),(286,78,1,14,13,'SISTEMA',0.000000),(287,78,1,9,13,'SISTEMA',0.000000),(288,78,1,11,13,'SISTEMA',17.400000),(289,91,1,10,13,'SISTEMA',4698.600000),(290,91,1,3,13,'SISTEMA',837.700000),(291,91,1,5,13,'SISTEMA',538.580000),(292,91,1,8,13,'SISTEMA',2181.300000),(293,91,1,6,13,'SISTEMA',0.000000),(294,91,1,13,13,'SISTEMA',0.000000),(295,91,1,14,13,'SISTEMA',0.000000),(296,91,1,9,13,'SISTEMA',0.000000),(297,91,1,11,13,'SISTEMA',17.400000),(298,104,1,10,13,'SISTEMA',5210.684000),(299,104,1,3,13,'SISTEMA',917.700000),(300,104,1,5,13,'SISTEMA',701.880000),(301,104,1,8,13,'SISTEMA',2584.400000),(302,104,1,6,13,'SISTEMA',18.200000),(303,104,1,13,13,'SISTEMA',0.000000),(304,104,1,14,13,'SISTEMA',0.000000),(305,104,1,9,13,'SISTEMA',0.000000),(306,104,1,11,13,'SISTEMA',17.400000),(307,117,1,10,13,'SISTEMA',5296.234000),(308,117,1,3,13,'SISTEMA',917.700000),(309,117,1,5,13,'SISTEMA',898.080000),(310,117,1,8,13,'SISTEMA',2748.100000),(311,117,1,6,13,'SISTEMA',18.200000),(312,117,1,13,13,'SISTEMA',0.000000),(313,117,1,14,13,'SISTEMA',0.000000),(314,117,1,9,13,'SISTEMA',0.000000),(315,117,1,11,13,'SISTEMA',32.400000),(316,130,1,10,13,'SISTEMA',5322.900000),(317,130,1,3,13,'SISTEMA',1071.720000),(318,130,1,5,13,'SISTEMA',2104.170000),(319,130,1,8,13,'SISTEMA',2733.200000),(320,130,1,6,13,'SISTEMA',81.800000),(321,130,1,13,13,'SISTEMA',0.000000),(322,130,1,14,13,'SISTEMA',0.000000),(323,130,1,9,13,'SISTEMA',0.000000),(324,130,1,11,13,'SISTEMA',90.300000),(325,143,1,10,13,'SISTEMA',5355.604000),(326,143,1,3,13,'SISTEMA',1479.700000),(327,143,1,5,13,'SISTEMA',2213.320000),(328,143,1,8,13,'SISTEMA',2772.400000),(329,143,1,6,13,'SISTEMA',165.800000),(330,143,1,13,13,'SISTEMA',0.000000),(331,143,1,14,13,'SISTEMA',0.000000),(332,143,1,9,13,'SISTEMA',0.000000),(333,143,1,11,13,'SISTEMA',160.300000),(334,156,1,10,13,'SISTEMA',5839.954000),(335,156,1,3,13,'SISTEMA',1425.000000),(336,156,1,5,13,'SISTEMA',2301.620000),(337,156,1,8,13,'SISTEMA',2772.400000),(338,156,1,6,13,'SISTEMA',195.800000),(339,156,1,13,13,'SISTEMA',0.000000),(340,156,1,14,13,'SISTEMA',0.000000),(341,156,1,9,13,'SISTEMA',0.000000),(342,156,1,11,13,'SISTEMA',180.550000),(343,169,1,10,13,'SISTEMA',5918.974000),(344,169,1,3,13,'SISTEMA',2122.300000),(345,169,1,5,13,'SISTEMA',2282.230000),(346,169,1,8,13,'SISTEMA',2776.800000),(347,169,1,6,13,'SISTEMA',195.800000),(348,169,1,13,13,'SISTEMA',0.000000),(349,169,1,14,13,'SISTEMA',0.000000),(350,169,1,9,13,'SISTEMA',0.000000),(351,169,1,11,13,'SISTEMA',289.280000),(352,182,1,10,13,'SISTEMA',5971.800000),(353,182,1,3,13,'SISTEMA',2417.000000),(354,182,1,5,13,'SISTEMA',2311.000000),(355,182,1,8,13,'SISTEMA',2822.900000),(356,182,1,6,13,'SISTEMA',293.000000),(357,182,1,13,13,'SISTEMA',7.120000),(358,182,1,14,13,'SISTEMA',0.000000),(359,182,1,9,13,'SISTEMA',0.000000),(360,182,1,11,13,'SISTEMA',324.200000),(361,195,1,10,13,'SISTEMA',6368.400000),(362,195,1,3,13,'SISTEMA',2417.000000),(363,195,1,5,13,'SISTEMA',2434.500000),(364,195,1,8,13,'SISTEMA',2617.200000),(365,195,1,6,13,'SISTEMA',645.340000),(366,195,1,13,13,'SISTEMA',197.240000),(367,195,1,14,13,'SISTEMA',0.000000),(368,195,1,9,13,'SISTEMA',0.000000),(369,195,1,11,13,'SISTEMA',499.300000),(370,208,1,10,13,'SISTEMA',6470.480000),(371,208,1,3,13,'SISTEMA',2498.769000),(372,208,1,5,13,'SISTEMA',2079.813000),(373,208,1,8,13,'SISTEMA',3044.555000),(374,208,1,6,13,'SISTEMA',819.840000),(375,208,1,13,13,'SISTEMA',442.734000),(376,208,1,14,13,'SISTEMA',0.000000),(377,208,1,9,13,'SISTEMA',0.000000),(378,208,1,11,13,'SISTEMA',553.500000),(379,221,1,10,13,'SISTEMA',6613.150000),(380,221,1,3,13,'SISTEMA',2519.588000),(381,221,1,5,13,'SISTEMA',2148.948000),(382,221,1,8,13,'SISTEMA',2988.775000),(383,221,1,6,13,'SISTEMA',938.040000),(384,221,1,13,13,'SISTEMA',937.306000),(385,221,1,14,13,'SISTEMA',0.000000),(386,221,1,9,13,'SISTEMA',0.000000),(387,221,1,11,13,'SISTEMA',595.700000),(388,13,2,10,13,'SISTEMA',12.802000),(389,13,2,3,13,'SISTEMA',1205.640000),(390,13,2,5,13,'SISTEMA',304.000000),(391,13,2,8,13,'SISTEMA',1519.000000),(392,26,2,10,13,'SISTEMA',12.802000),(393,26,2,3,13,'SISTEMA',1205.640000),(394,26,2,5,13,'SISTEMA',304.000000),(395,26,2,8,13,'SISTEMA',1919.000000),(396,39,2,10,13,'SISTEMA',12.802000),(397,39,2,3,13,'SISTEMA',1205.640000),(398,39,2,5,13,'SISTEMA',304.000000),(399,39,2,8,13,'SISTEMA',2111.650000),(400,52,2,10,13,'SISTEMA',12.802000),(401,52,2,3,13,'SISTEMA',1205.640000),(402,52,2,5,13,'SISTEMA',312.000000),(403,52,2,8,13,'SISTEMA',2111.650000),(404,65,2,10,13,'SISTEMA',12.802000),(405,65,2,3,13,'SISTEMA',1205.640000),(406,65,2,5,13,'SISTEMA',266.000000),(407,65,2,8,13,'SISTEMA',2111.650000),(408,78,2,10,13,'SISTEMA',12.802000),(409,78,2,3,13,'SISTEMA',1205.640000),(410,78,2,5,13,'SISTEMA',265.703000),(411,78,2,8,13,'SISTEMA',2111.650000),(412,91,2,10,13,'SISTEMA',12.802000),(413,91,2,3,13,'SISTEMA',1205.640000),(414,91,2,5,13,'SISTEMA',265.703000),(415,91,2,8,13,'SISTEMA',2111.650000),(416,104,2,10,13,'SISTEMA',12.802000),(417,104,2,3,13,'SISTEMA',1205.640000),(418,104,2,5,13,'SISTEMA',271.763000),(419,104,2,8,13,'SISTEMA',2111.650000),(420,117,2,10,13,'SISTEMA',12.802000),(421,117,2,3,13,'SISTEMA',1213.740000),(422,117,2,5,13,'SISTEMA',254.963000),(423,117,2,8,13,'SISTEMA',2111.650000),(424,130,2,10,13,'SISTEMA',12.802000),(425,130,2,3,13,'SISTEMA',1215.840000),(426,130,2,5,13,'SISTEMA',358.371000),(427,130,2,8,13,'SISTEMA',2111.650000),(428,143,2,10,13,'SISTEMA',15.200000),(429,143,2,3,13,'SISTEMA',1215.840000),(430,143,2,5,13,'SISTEMA',358.371000),(431,143,2,8,13,'SISTEMA',2111.650000),(432,156,2,10,13,'SISTEMA',15.200000),(433,156,2,3,13,'SISTEMA',2099.693000),(434,156,2,5,13,'SISTEMA',358.371000),(435,156,2,8,13,'SISTEMA',2111.650000),(436,169,2,10,13,'SISTEMA',15.200000),(437,169,2,3,13,'SISTEMA',2099.693000),(438,169,2,5,13,'SISTEMA',358.310000),(439,169,2,8,13,'SISTEMA',2111.600000),(440,169,2,13,13,'SISTEMA',1.350000),(441,169,2,11,13,'SISTEMA',17.500000),(442,182,2,10,13,'SISTEMA',15.200000),(443,182,2,3,13,'SISTEMA',2099.693000),(444,182,2,5,13,'SISTEMA',361.971000),(445,182,2,8,13,'SISTEMA',2111.650000),(446,182,2,13,13,'SISTEMA',1.350000),(447,182,2,11,13,'SISTEMA',17.500000),(448,195,2,10,13,'SISTEMA',15.200000),(449,195,2,3,13,'SISTEMA',2099.693000),(450,195,2,5,13,'SISTEMA',364.971000),(451,195,2,8,13,'SISTEMA',1468.900000),(452,195,2,6,13,'SISTEMA',90.000000),(453,195,2,13,13,'SISTEMA',24.904000),(454,195,2,11,13,'SISTEMA',17.500000),(455,208,2,10,13,'SISTEMA',16.500000),(456,208,2,3,13,'SISTEMA',2121.100000),(457,208,2,5,13,'SISTEMA',364.971000),(458,208,2,8,13,'SISTEMA',1468.900000),(459,208,2,6,13,'SISTEMA',90.000000),(460,208,2,13,13,'SISTEMA',104.400000),(461,208,2,11,13,'SISTEMA',17.500000),(462,221,2,10,13,'SISTEMA',17.000000),(463,221,2,3,13,'SISTEMA',2650.000000),(464,221,2,5,13,'SISTEMA',326.000000),(465,221,2,8,13,'SISTEMA',1942.100000),(466,221,2,6,13,'SISTEMA',202.000000),(467,221,2,13,13,'SISTEMA',349.434000),(468,221,2,11,13,'SISTEMA',18.000000),(469,208,3,9,2,'REGION',0.000000),(470,208,3,14,2,'REGION',0.000000),(471,208,3,13,2,'REGION',2.200000),(472,208,3,6,2,'REGION',0.000000),(473,208,3,8,2,'REGION',0.000000),(474,208,3,3,2,'REGION',0.000000),(475,208,3,5,2,'REGION',14.321000),(476,208,3,11,2,'REGION',0.000000),(477,208,3,10,2,'REGION',10.894000),(478,208,3,9,12,'REGION',0.000000),(479,208,3,14,12,'REGION',0.000000),(480,208,3,13,12,'REGION',61.234000),(481,208,3,6,12,'REGION',0.000000),(482,208,3,8,12,'REGION',0.000000),(483,208,3,3,12,'REGION',158.000000),(484,208,3,5,12,'REGION',32.480000),(485,208,3,11,12,'REGION',0.000000),(486,208,3,10,12,'REGION',6.250000),(487,208,3,9,1,'REGION',0.000000),(488,208,3,14,1,'REGION',0.000000),(489,208,3,13,1,'REGION',98.240000),(490,208,3,6,1,'REGION',189.000000),(491,208,3,8,1,'REGION',1791.026000),(492,208,3,3,1,'REGION',1973.673000),(493,208,3,5,1,'REGION',183.592000),(494,208,3,11,1,'REGION',17.500000),(495,208,3,10,1,'REGION',0.000000),(496,208,3,9,3,'REGION',0.000000),(497,208,3,14,3,'REGION',0.000000),(498,208,3,13,3,'REGION',367.100000),(499,208,3,6,3,'REGION',0.000000),(500,208,3,8,3,'REGION',0.000000),(501,208,3,3,3,'REGION',760.000000),(502,208,3,5,3,'REGION',499.356000),(503,208,3,11,3,'REGION',0.000000),(504,208,3,10,3,'REGION',5.120000),(505,208,3,9,5,'REGION',0.000000),(506,208,3,14,5,'REGION',0.000000),(507,208,3,13,5,'REGION',17.140000),(508,208,3,6,5,'REGION',612.350000),(509,208,3,8,5,'REGION',0.000000),(510,208,3,3,5,'REGION',0.000000),(511,208,3,5,5,'REGION',214.200000),(512,208,3,11,5,'REGION',17.000000),(513,208,3,10,5,'REGION',28.200000),(514,208,3,9,14,'REGION',0.000000),(515,208,3,14,14,'REGION',0.000000),(516,208,3,13,14,'REGION',1.070000),(517,208,3,6,14,'REGION',0.000000),(518,208,3,8,14,'REGION',1725.950000),(519,208,3,3,14,'REGION',878.196000),(520,208,3,5,14,'REGION',597.400000),(521,208,3,11,14,'REGION',0.000000),(522,208,3,10,14,'REGION',211.774000),(523,208,3,9,10,'REGION',0.000000),(524,208,3,14,10,'REGION',0.000000),(525,208,3,13,10,'REGION',0.150000),(526,208,3,6,10,'REGION',0.000000),(527,208,3,8,10,'REGION',457.496000),(528,208,3,3,10,'REGION',0.000000),(529,208,3,5,10,'REGION',106.720000),(530,208,3,11,10,'REGION',0.000000),(531,208,3,10,10,'REGION',362.968000),(532,208,3,9,11,'REGION',0.000000),(533,208,3,14,11,'REGION',0.000000),(534,208,3,13,11,'REGION',0.000000),(535,208,3,6,11,'REGION',17.950000),(536,208,3,8,11,'REGION',254.851000),(537,208,3,3,11,'REGION',0.000000),(538,208,3,5,11,'REGION',22.200000),(539,208,3,11,11,'REGION',37.600000),(540,208,3,10,11,'REGION',1013.150000),(541,208,3,9,9,'REGION',0.000000),(542,208,3,14,9,'REGION',0.000000),(543,208,3,13,9,'REGION',0.000000),(544,208,3,6,9,'REGION',0.000000),(545,208,3,8,9,'REGION',0.000000),(546,208,3,3,9,'REGION',0.000000),(547,208,3,5,9,'REGION',79.180000),(548,208,3,11,9,'REGION',49.600000),(549,208,3,10,9,'REGION',1511.060000),(550,208,3,9,15,'REGION',0.000000),(551,208,3,14,15,'REGION',0.000000),(552,208,3,13,15,'REGION',0.000000),(553,208,3,6,15,'REGION',0.000000),(554,208,3,8,15,'REGION',0.000000),(555,208,3,3,15,'REGION',0.000000),(556,208,3,5,15,'REGION',11.000000),(557,208,3,11,15,'REGION',71.100000),(558,208,3,10,15,'REGION',20.400000),(559,208,3,9,4,'REGION',0.000000),(560,208,3,14,4,'REGION',0.000000),(561,208,3,13,4,'REGION',0.000000),(562,208,3,6,4,'REGION',54.540000),(563,208,3,8,4,'REGION',284.132000),(564,208,3,3,4,'REGION',850.000000),(565,208,3,5,4,'REGION',391.735000),(566,208,3,11,4,'REGION',236.200000),(567,208,3,10,4,'REGION',2866.830000),(568,208,3,9,6,'REGION',0.000000),(569,208,3,14,6,'REGION',0.000000),(570,208,3,13,6,'REGION',0.000000),(571,208,3,6,6,'REGION',0.000000),(572,208,3,8,6,'REGION',0.000000),(573,208,3,3,6,'REGION',0.000000),(574,208,3,5,6,'REGION',11.600000),(575,208,3,11,6,'REGION',81.000000),(576,208,3,10,6,'REGION',42.876000),(577,208,3,9,8,'REGION',0.000000),(578,208,3,14,8,'REGION',0.000000),(579,208,3,13,8,'REGION',0.000000),(580,208,3,6,8,'REGION',0.000000),(581,208,3,8,8,'REGION',0.000000),(582,208,3,3,8,'REGION',0.000000),(583,208,3,5,8,'REGION',118.400000),(584,208,3,11,8,'REGION',61.000000),(585,208,3,10,8,'REGION',122.706000),(586,208,3,9,7,'REGION',0.000000),(587,208,3,14,7,'REGION',0.000000),(588,208,3,13,7,'REGION',0.000000),(589,208,3,6,7,'REGION',36.000000),(590,208,3,8,7,'REGION',0.000000),(591,208,3,3,7,'REGION',0.000000),(592,208,3,5,7,'REGION',162.600000),(593,208,3,11,7,'REGION',0.000000),(594,208,3,10,7,'REGION',284.752000),(595,234,3,9,2,'REGION',0.000000),(596,234,3,14,2,'REGION',0.000000),(597,234,3,13,2,'REGION',8.440000),(598,234,3,6,2,'REGION',0.000000),(599,234,3,8,2,'REGION',0.000000),(600,234,3,3,2,'REGION',0.000000),(601,234,3,5,2,'REGION',14.321000),(602,234,3,11,2,'REGION',0.000000),(603,234,3,10,2,'REGION',10.894000),(604,234,3,9,12,'REGION',0.000000),(605,234,3,14,12,'REGION',0.000000),(606,234,3,13,12,'REGION',61.234000),(607,234,3,6,12,'REGION',0.000000),(608,234,3,8,12,'REGION',0.000000),(609,234,3,3,12,'REGION',158.000000),(610,234,3,5,12,'REGION',33.080000),(611,234,3,11,12,'REGION',44.000000),(612,234,3,10,12,'REGION',6.250000),(613,234,3,9,1,'REGION',55.000000),(614,234,3,14,1,'REGION',0.000000),(615,234,3,13,1,'REGION',770.135000),(616,234,3,6,1,'REGION',301.000000),(617,234,3,8,1,'REGION',2202.486000),(618,234,3,3,1,'REGION',2544.392000),(619,234,3,5,1,'REGION',183.592000),(620,234,3,11,1,'REGION',17.500000),(621,234,3,10,1,'REGION',0.000000),(622,234,3,9,3,'REGION',0.000000),(623,234,3,14,3,'REGION',0.000000),(624,234,3,13,3,'REGION',935.100000),(625,234,3,6,3,'REGION',193.750000),(626,234,3,8,3,'REGION',0.000000),(627,234,3,3,3,'REGION',760.000000),(628,234,3,5,3,'REGION',529.820000),(629,234,3,11,3,'REGION',0.000000),(630,234,3,10,3,'REGION',5.120000),(631,234,3,9,5,'REGION',0.000000),(632,234,3,14,5,'REGION',0.000000),(633,234,3,13,5,'REGION',147.513000),(634,234,3,6,5,'REGION',612.220000),(635,234,3,8,5,'REGION',0.000000),(636,234,3,3,5,'REGION',0.000000),(637,234,3,5,5,'REGION',214.600000),(638,234,3,11,5,'REGION',16.600000),(639,234,3,10,5,'REGION',28.200000),(640,234,3,9,14,'REGION',0.000000),(641,234,3,14,14,'REGION',0.000000),(642,234,3,13,14,'REGION',60.628000),(643,234,3,6,14,'REGION',0.000000),(644,234,3,8,14,'REGION',1731.950000),(645,234,3,3,14,'REGION',878.196000),(646,234,3,5,14,'REGION',597.400000),(647,234,3,11,14,'REGION',0.000000),(648,234,3,10,14,'REGION',211.774000),(649,234,3,9,10,'REGION',0.000000),(650,234,3,14,10,'REGION',0.000000),(651,234,3,13,10,'REGION',236.730000),(652,234,3,6,10,'REGION',0.000000),(653,234,3,8,10,'REGION',459.496000),(654,234,3,3,10,'REGION',0.000000),(655,234,3,5,10,'REGION',109.720000),(656,234,3,11,10,'REGION',0.000000),(657,234,3,10,10,'REGION',364.418000),(658,234,3,9,11,'REGION',0.000000),(659,234,3,14,11,'REGION',0.000000),(660,234,3,13,11,'REGION',37.800000),(661,234,3,6,11,'REGION',17.950000),(662,234,3,8,11,'REGION',254.851000),(663,234,3,3,11,'REGION',0.000000),(664,234,3,5,11,'REGION',23.000000),(665,234,3,11,11,'REGION',36.800000),(666,234,3,10,11,'REGION',1022.150000),(667,234,3,9,9,'REGION',0.000000),(668,234,3,14,9,'REGION',0.000000),(669,234,3,13,9,'REGION',4.330000),(670,234,3,6,9,'REGION',0.000000),(671,234,3,8,9,'REGION',2.460000),(672,234,3,3,9,'REGION',0.000000),(673,234,3,5,9,'REGION',80.780000),(674,234,3,11,9,'REGION',49.500000),(675,234,3,10,9,'REGION',1689.020000),(676,234,3,9,15,'REGION',0.000000),(677,234,3,14,15,'REGION',0.000000),(678,234,3,13,15,'REGION',3.000000),(679,234,3,6,15,'REGION',0.000000),(680,234,3,8,15,'REGION',0.000000),(681,234,3,3,15,'REGION',0.000000),(682,234,3,5,15,'REGION',11.000000),(683,234,3,11,15,'REGION',71.100000),(684,234,3,10,15,'REGION',20.400000),(685,234,3,9,4,'REGION',0.000000),(686,234,3,14,4,'REGION',0.000000),(687,234,3,13,4,'REGION',0.000000),(688,234,3,6,4,'REGION',106.160000),(689,234,3,8,4,'REGION',291.632000),(690,234,3,3,4,'REGION',850.000000),(691,234,3,5,4,'REGION',391.735000),(692,234,3,11,4,'REGION',239.600000),(693,234,3,10,4,'REGION',2874.690000),(694,234,3,9,6,'REGION',0.000000),(695,234,3,14,6,'REGION',0.000000),(696,234,3,13,6,'REGION',0.000000),(697,234,3,6,6,'REGION',88.000000),(698,234,3,8,6,'REGION',0.000000),(699,234,3,3,6,'REGION',0.000000),(700,234,3,5,6,'REGION',11.600000),(701,234,3,11,6,'REGION',81.000000),(702,234,3,10,6,'REGION',77.986000),(703,234,3,9,8,'REGION',0.000000),(704,234,3,14,8,'REGION',0.000000),(705,234,3,13,8,'REGION',0.000000),(706,234,3,6,8,'REGION',0.000000),(707,234,3,8,8,'REGION',0.000000),(708,234,3,3,8,'REGION',0.000000),(709,234,3,5,8,'REGION',119.200000),(710,234,3,11,8,'REGION',61.000000),(711,234,3,10,8,'REGION',127.616000),(712,234,3,9,7,'REGION',0.000000),(713,234,3,14,7,'REGION',0.000000),(714,234,3,13,7,'REGION',0.000000),(715,234,3,6,7,'REGION',101.000000),(716,234,3,8,7,'REGION',0.000000),(717,234,3,3,7,'REGION',0.000000),(718,234,3,5,7,'REGION',180.228000),(719,234,3,11,7,'REGION',0.000000),(720,234,3,10,7,'REGION',298.552000),(721,260,3,9,2,'REGION',0.000000),(722,260,3,14,2,'REGION',0.000000),(723,260,3,13,2,'REGION',8.240000),(724,260,3,8,2,'REGION',0.000000),(725,260,3,3,2,'REGION',0.000000),(726,260,3,5,2,'REGION',13.601580),(727,260,3,11,2,'REGION',0.000000),(728,260,3,10,2,'REGION',10.894000),(729,260,3,9,12,'REGION',0.000000),(730,260,3,14,12,'REGION',0.000000),(731,260,3,13,12,'REGION',175.085000),(732,260,3,8,12,'REGION',0.000000),(733,260,3,3,12,'REGION',0.000000),(734,260,3,5,12,'REGION',34.440000),(735,260,3,11,12,'REGION',44.000000),(736,260,3,10,12,'REGION',6.250000),(737,260,3,9,1,'REGION',44.910000),(738,260,3,14,1,'REGION',0.000000),(739,260,3,13,1,'REGION',833.195000),(740,260,3,6,1,'REGION',301.000000),(741,260,3,8,1,'REGION',2149.491000),(742,260,3,3,1,'REGION',2723.612000),(743,260,3,5,1,'REGION',183.947300),(744,260,3,11,1,'REGION',24.360000),(745,260,3,10,1,'REGION',0.000000),(746,260,3,9,3,'REGION',0.000000),(747,260,3,14,3,'REGION',0.000000),(748,260,3,13,3,'REGION',950.613000),(749,260,3,6,3,'REGION',482.550000),(750,260,3,8,3,'REGION',0.000000),(751,260,3,3,3,'REGION',760.000000),(752,260,3,5,3,'REGION',538.854600),(753,260,3,11,3,'REGION',0.000000),(754,260,3,10,3,'REGION',5.120000),(755,260,3,9,5,'REGION',0.000000),(756,260,3,14,5,'REGION',0.000000),(757,260,3,13,5,'REGION',178.213000),(758,260,3,6,5,'REGION',693.750000),(759,260,3,8,5,'REGION',0.000000),(760,260,3,3,5,'REGION',0.000000),(761,260,3,5,5,'REGION',344.600000),(762,260,3,11,5,'REGION',16.600000),(763,260,3,10,5,'REGION',28.200000),(764,260,3,9,14,'REGION',0.000000),(765,260,3,14,14,'REGION',0.000000),(766,260,3,13,14,'REGION',129.068000),(767,260,3,6,14,'REGION',0.000000),(768,260,3,8,14,'REGION',1712.360000),(769,260,3,3,14,'REGION',861.263000),(770,260,3,5,14,'REGION',478.730000),(771,260,3,11,14,'REGION',0.000000),(772,260,3,10,14,'REGION',211.774000),(773,260,3,9,10,'REGION',0.000000),(774,260,3,14,10,'REGION',0.000000),(775,260,3,13,10,'REGION',298.960000),(776,260,3,6,10,'REGION',0.000000),(777,260,3,8,10,'REGION',457.754000),(778,260,3,3,10,'REGION',0.000000),(779,260,3,5,10,'REGION',115.720000),(780,260,3,11,10,'REGION',0.000000),(781,260,3,10,10,'REGION',367.818000),(782,260,3,9,11,'REGION',0.000000),(783,260,3,14,11,'REGION',0.000000),(784,260,3,13,11,'REGION',173.440000),(785,260,3,6,11,'REGION',17.950000),(786,260,3,8,11,'REGION',254.851000),(787,260,3,3,11,'REGION',0.000000),(788,260,3,5,11,'REGION',26.000000),(789,260,3,11,11,'REGION',36.800000),(790,260,3,10,11,'REGION',1071.160000),(791,260,3,9,9,'REGION',0.000000),(792,260,3,14,9,'REGION',0.000000),(793,260,3,13,9,'REGION',33.880000),(794,260,3,6,9,'REGION',0.000000),(795,260,3,8,9,'REGION',53.460000),(796,260,3,3,9,'REGION',0.000000),(797,260,3,5,9,'REGION',85.120000),(798,260,3,11,9,'REGION',49.500000),(799,260,3,10,9,'REGION',1679.320000),(800,260,3,9,15,'REGION',0.000000),(801,260,3,14,15,'REGION',0.000000),(802,260,3,13,15,'REGION',18.000000),(803,260,3,6,15,'REGION',0.000000),(804,260,3,8,15,'REGION',0.000000),(805,260,3,3,15,'REGION',0.000000),(806,260,3,5,15,'REGION',11.000000),(807,260,3,11,15,'REGION',71.100000),(808,260,3,10,15,'REGION',20.400000),(809,260,3,9,4,'REGION',0.000000),(810,260,3,14,4,'REGION',0.000000),(811,260,3,13,4,'REGION',0.000000),(812,260,3,6,4,'REGION',133.190000),(813,260,3,8,4,'REGION',288.524000),(814,260,3,3,4,'REGION',847.540000),(815,260,3,5,4,'REGION',535.751000),(816,260,3,11,4,'REGION',185.100000),(817,260,3,10,4,'REGION',2874.890000),(818,260,3,9,6,'REGION',0.000000),(819,260,3,14,6,'REGION',0.000000),(820,260,3,13,6,'REGION',0.000000),(821,260,3,6,6,'REGION',303.400000),(822,260,3,8,6,'REGION',0.000000),(823,260,3,3,6,'REGION',0.000000),(824,260,3,5,6,'REGION',12.000000),(825,260,3,11,6,'REGION',81.000000),(826,260,3,10,6,'REGION',80.336000),(827,260,3,9,8,'REGION',0.000000),(828,260,3,14,8,'REGION',0.000000),(829,260,3,13,8,'REGION',0.000000),(830,260,3,6,8,'REGION',0.000000),(831,260,3,8,8,'REGION',0.000000),(832,260,3,3,8,'REGION',0.000000),(833,260,3,5,8,'REGION',119.200000),(834,260,3,11,8,'REGION',61.000000),(835,260,3,10,8,'REGION',146.882000),(836,260,3,9,7,'REGION',0.000000),(837,260,3,14,7,'REGION',0.000000),(838,260,3,13,7,'REGION',0.000000),(839,260,3,6,7,'REGION',230.000000),(840,260,3,8,7,'REGION',0.000000),(841,260,3,3,7,'REGION',0.000000),(842,260,3,5,7,'REGION',202.438000),(843,260,3,11,7,'REGION',0.000000),(844,260,3,10,7,'REGION',323.852000),(845,286,3,9,2,'REGION',0.000000),(846,286,3,14,2,'REGION',0.000000),(847,286,3,13,2,'REGION',8.240000),(848,286,3,6,2,'REGION',0.000000),(849,286,3,8,2,'REGION',0.000000),(850,286,3,3,2,'REGION',0.000000),(851,286,3,5,2,'REGION',13.601580),(852,286,3,11,2,'REGION',0.000000),(853,286,3,10,2,'REGION',11.394000),(854,286,3,9,12,'REGION',0.000000),(855,286,3,14,12,'REGION',0.000000),(856,286,3,13,12,'REGION',439.981000),(857,286,3,6,12,'REGION',0.000000),(858,286,3,8,12,'REGION',0.000000),(859,286,3,3,12,'REGION',0.000000),(860,286,3,5,12,'REGION',32.124000),(861,286,3,11,12,'REGION',45.960000),(862,286,3,10,12,'REGION',6.250000),(863,286,3,9,1,'REGION',77.910000),(864,286,3,14,1,'REGION',110.000000),(865,286,3,13,1,'REGION',2133.325000),(866,286,3,6,1,'REGION',791.200000),(867,286,3,8,1,'REGION',2149.491000),(868,286,3,3,1,'REGION',2718.368000),(869,286,3,5,1,'REGION',80.699300),(870,286,3,11,1,'REGION',24.360000),(871,286,3,10,1,'REGION',0.000000),(872,286,3,9,3,'REGION',0.000000),(873,286,3,14,3,'REGION',0.000000),(874,286,3,13,3,'REGION',1962.618000),(875,286,3,6,3,'REGION',878.750000),(876,286,3,8,3,'REGION',0.000000),(877,286,3,3,3,'REGION',763.615000),(878,286,3,5,3,'REGION',646.094600),(879,286,3,11,3,'REGION',0.000000),(880,286,3,10,3,'REGION',5.120000),(881,286,3,9,5,'REGION',0.000000),(882,286,3,14,5,'REGION',0.000000),(883,286,3,13,5,'REGION',309.301000),(884,286,3,6,5,'REGION',694.812000),(885,286,3,8,5,'REGION',0.000000),(886,286,3,3,5,'REGION',0.000000),(887,286,3,5,5,'REGION',677.120000),(888,286,3,11,5,'REGION',17.000000),(889,286,3,10,5,'REGION',28.200000),(890,286,3,9,14,'REGION',0.000000),(891,286,3,14,14,'REGION',0.000000),(892,286,3,13,14,'REGION',204.281000),(893,286,3,6,14,'REGION',0.000000),(894,286,3,8,14,'REGION',1906.860000),(895,286,3,3,14,'REGION',858.923000),(896,286,3,5,14,'REGION',279.991000),(897,286,3,11,14,'REGION',4.500000),(898,286,3,10,14,'REGION',211.774000),(899,286,3,9,10,'REGION',0.000000),(900,286,3,14,10,'REGION',0.000000),(901,286,3,13,10,'REGION',431.152000),(902,286,3,6,10,'REGION',0.000000),(903,286,3,8,10,'REGION',437.640000),(904,286,3,3,10,'REGION',0.000000),(905,286,3,5,10,'REGION',119.447000),(906,286,3,11,10,'REGION',49.930000),(907,286,3,10,10,'REGION',627.818000),(908,286,3,9,11,'REGION',0.000000),(909,286,3,14,11,'REGION',0.000000),(910,286,3,13,11,'REGION',270.080000),(911,286,3,6,11,'REGION',67.950000),(912,286,3,8,11,'REGION',253.860000),(913,286,3,3,11,'REGION',0.000000),(914,286,3,5,11,'REGION',25.200000),(915,286,3,11,11,'REGION',36.591000),(916,286,3,10,11,'REGION',1080.160000),(917,286,3,9,9,'REGION',0.000000),(918,286,3,14,9,'REGION',0.000000),(919,286,3,13,9,'REGION',219.409000),(920,286,3,6,9,'REGION',0.000000),(921,286,3,8,9,'REGION',45.620000),(922,286,3,3,9,'REGION',0.000000),(923,286,3,5,9,'REGION',148.828000),(924,286,3,11,9,'REGION',50.600000),(925,286,3,10,9,'REGION',1696.976000),(926,286,3,9,15,'REGION',0.000000),(927,286,3,14,15,'REGION',0.000000),(928,286,3,13,15,'REGION',83.027000),(929,286,3,6,15,'REGION',0.000000),(930,286,3,8,15,'REGION',0.000000),(931,286,3,3,15,'REGION',0.000000),(932,286,3,5,15,'REGION',20.600000),(933,286,3,11,15,'REGION',71.100000),(934,286,3,10,15,'REGION',31.900000),(935,286,3,9,4,'REGION',0.000000),(936,286,3,14,4,'REGION',0.000000),(937,286,3,13,4,'REGION',26.500000),(938,286,3,6,4,'REGION',355.390000),(939,286,3,8,4,'REGION',222.668000),(940,286,3,3,4,'REGION',723.540000),(941,286,3,5,4,'REGION',807.387000),(942,286,3,11,4,'REGION',185.260000),(943,286,3,10,4,'REGION',2847.090000),(944,286,3,9,6,'REGION',0.000000),(945,286,3,14,6,'REGION',0.000000),(946,286,3,13,6,'REGION',0.000000),(947,286,3,6,6,'REGION',518.300000),(948,286,3,8,6,'REGION',0.000000),(949,286,3,3,6,'REGION',0.000000),(950,286,3,5,6,'REGION',21.580000),(951,286,3,11,6,'REGION',81.000000),(952,286,3,10,6,'REGION',80.336000),(953,286,3,9,8,'REGION',0.000000),(954,286,3,14,8,'REGION',0.000000),(955,286,3,13,8,'REGION',0.000000),(956,286,3,6,8,'REGION',0.000000),(957,286,3,8,8,'REGION',0.000000),(958,286,3,3,8,'REGION',0.000000),(959,286,3,5,8,'REGION',121.593000),(960,286,3,11,8,'REGION',61.000000),(961,286,3,10,8,'REGION',161.776000),(962,286,3,9,7,'REGION',0.000000),(963,286,3,14,7,'REGION',0.000000),(964,286,3,13,7,'REGION',0.000000),(965,286,3,6,7,'REGION',230.000000),(966,286,3,8,7,'REGION',0.000000),(967,286,3,3,7,'REGION',0.000000),(968,286,3,5,7,'REGION',235.040000),(969,286,3,11,7,'REGION',0.000000),(970,286,3,10,7,'REGION',324.122000),(971,312,3,9,2,'REGION',0.000000),(972,312,3,14,2,'REGION',0.000000),(973,312,3,13,2,'REGION',115.264000),(974,312,3,6,2,'REGION',0.000000),(975,312,3,8,2,'REGION',0.000000),(976,312,3,3,2,'REGION',0.000000),(977,312,3,5,2,'REGION',10.327000),(978,312,3,11,2,'REGION',0.000000),(979,312,3,10,2,'REGION',11.394000),(980,312,3,9,12,'REGION',0.000000),(981,312,3,14,12,'REGION',0.000000),(982,312,3,13,12,'REGION',449.426300),(983,312,3,6,12,'REGION',0.000000),(984,312,3,8,12,'REGION',0.000000),(985,312,3,3,12,'REGION',0.000000),(986,312,3,5,12,'REGION',32.124000),(987,312,3,11,12,'REGION',37.060000),(988,312,3,10,12,'REGION',6.052000),(989,312,3,9,1,'REGION',94.840000),(990,312,3,14,1,'REGION',114.400000),(991,312,3,13,1,'REGION',3180.873600),(992,312,3,6,1,'REGION',970.940000),(993,312,3,8,1,'REGION',2514.361000),(994,312,3,3,1,'REGION',2112.129000),(995,312,3,5,1,'REGION',33.453900),(996,312,3,11,1,'REGION',24.360000),(997,312,3,10,1,'REGION',0.000000),(998,312,3,9,3,'REGION',0.000000),(999,312,3,14,3,'REGION',0.000000),(1000,312,3,13,3,'REGION',2557.509060),(1001,312,3,6,3,'REGION',1116.892000),(1002,312,3,8,3,'REGION',0.000000),(1003,312,3,3,3,'REGION',763.615000),(1004,312,3,5,3,'REGION',698.215000),(1005,312,3,11,3,'REGION',0.000000),(1006,312,3,10,3,'REGION',5.120000),(1007,312,3,9,5,'REGION',0.000000),(1008,312,3,14,5,'REGION',0.000000),(1009,312,3,13,5,'REGION',465.349500),(1010,312,3,6,5,'REGION',694.572000),(1011,312,3,8,5,'REGION',0.000000),(1012,312,3,3,5,'REGION',0.000000),(1013,312,3,5,5,'REGION',670.853800),(1014,312,3,11,5,'REGION',16.056000),(1015,312,3,10,5,'REGION',28.200000),(1016,312,3,9,14,'REGION',0.000000),(1017,312,3,14,14,'REGION',0.000000),(1018,312,3,13,14,'REGION',348.771422),(1019,312,3,6,14,'REGION',0.000000),(1020,312,3,8,14,'REGION',1919.085000),(1021,312,3,3,14,'REGION',477.651000),(1022,312,3,5,14,'REGION',219.436000),(1023,312,3,11,14,'REGION',4.500000),(1024,312,3,10,14,'REGION',211.824000),(1025,312,3,9,10,'REGION',0.000000),(1026,312,3,14,10,'REGION',0.000000),(1027,312,3,13,10,'REGION',722.348348),(1028,312,3,6,10,'REGION',0.000000),(1029,312,3,8,10,'REGION',437.640000),(1030,312,3,3,10,'REGION',0.000000),(1031,312,3,5,10,'REGION',131.656000),(1032,312,3,11,10,'REGION',47.494000),(1033,312,3,10,10,'REGION',900.729000),(1034,312,3,9,11,'REGION',0.000000),(1035,312,3,14,11,'REGION',0.000000),(1036,312,3,13,11,'REGION',468.504700),(1037,312,3,6,11,'REGION',67.870000),(1038,312,3,8,11,'REGION',239.400000),(1039,312,3,3,11,'REGION',0.000000),(1040,312,3,5,11,'REGION',25.391100),(1041,312,3,11,11,'REGION',37.791000),(1042,312,3,10,11,'REGION',1106.216300),(1043,312,3,9,9,'REGION',0.000000),(1044,312,3,14,9,'REGION',0.000000),(1045,312,3,13,9,'REGION',508.270020),(1046,312,3,6,9,'REGION',0.000000),(1047,312,3,8,9,'REGION',44.460000),(1048,312,3,3,9,'REGION',0.000000),(1049,312,3,5,9,'REGION',151.432800),(1050,312,3,11,9,'REGION',53.700000),(1051,312,3,10,9,'REGION',1695.106700),(1052,312,3,9,15,'REGION',0.000000),(1053,312,3,14,15,'REGION',0.000000),(1054,312,3,13,15,'REGION',154.607450),(1055,312,3,6,15,'REGION',0.000000),(1056,312,3,8,15,'REGION',0.000000),(1057,312,3,3,15,'REGION',0.000000),(1058,312,3,5,15,'REGION',21.847580),(1059,312,3,11,15,'REGION',71.100000),(1060,312,3,10,15,'REGION',31.610000),(1061,312,3,9,4,'REGION',0.000000),(1062,312,3,14,4,'REGION',0.000000),(1063,312,3,13,4,'REGION',90.387410),(1064,312,3,6,4,'REGION',664.445000),(1065,312,3,8,4,'REGION',226.480000),(1066,312,3,3,4,'REGION',373.990000),(1067,312,3,5,4,'REGION',614.515250),(1068,312,3,11,4,'REGION',300.682000),(1069,312,3,10,4,'REGION',2949.986100),(1070,312,3,9,6,'REGION',0.000000),(1071,312,3,14,6,'REGION',0.000000),(1072,312,3,13,6,'REGION',0.000000),(1073,312,3,6,6,'REGION',805.240000),(1074,312,3,8,6,'REGION',0.000000),(1075,312,3,3,6,'REGION',0.000000),(1076,312,3,5,6,'REGION',20.788500),(1077,312,3,11,6,'REGION',81.000000),(1078,312,3,10,6,'REGION',80.736000),(1079,312,3,9,8,'REGION',0.000000),(1080,312,3,14,8,'REGION',0.000000),(1081,312,3,13,8,'REGION',0.000000),(1082,312,3,6,8,'REGION',0.000000),(1083,312,3,8,8,'REGION',0.000000),(1084,312,3,3,8,'REGION',0.000000),(1085,312,3,5,8,'REGION',120.373000),(1086,312,3,11,8,'REGION',61.000000),(1087,312,3,10,8,'REGION',166.682000),(1088,312,3,9,7,'REGION',0.000000),(1089,312,3,14,7,'REGION',0.000000),(1090,312,3,13,7,'REGION',0.000000),(1091,312,3,6,7,'REGION',390.070000),(1092,312,3,8,7,'REGION',0.000000),(1093,312,3,3,7,'REGION',0.000000),(1094,312,3,5,7,'REGION',231.910000),(1095,312,3,11,7,'REGION',0.000000),(1096,312,3,10,7,'REGION',320.616000),(1097,338,3,9,2,'REGION',0.000000),(1098,338,3,14,2,'REGION',0.000000),(1099,338,3,13,2,'REGION',141.077200),(1100,338,3,6,2,'REGION',0.000000),(1101,338,3,8,2,'REGION',0.000000),(1102,338,3,3,2,'REGION',0.000000),(1103,338,3,5,2,'REGION',10.327000),(1104,338,3,11,2,'REGION',0.000000),(1105,338,3,10,2,'REGION',11.394000),(1106,338,3,9,12,'REGION',0.000000),(1107,338,3,14,12,'REGION',0.000000),(1108,338,3,13,12,'REGION',638.664100),(1109,338,3,6,12,'REGION',0.000000),(1110,338,3,8,12,'REGION',0.000000),(1111,338,3,3,12,'REGION',0.000000),(1112,338,3,5,12,'REGION',30.692500),(1113,338,3,11,12,'REGION',37.060000),(1114,338,3,10,12,'REGION',6.052000),(1115,338,3,9,1,'REGION',94.880000),(1116,338,3,14,1,'REGION',114.400000),(1117,338,3,13,1,'REGION',4353.419900),(1118,338,3,6,1,'REGION',2341.599900),(1119,338,3,8,1,'REGION',2515.597400),(1120,338,3,3,1,'REGION',1835.739000),(1121,338,3,5,1,'REGION',4.813900),(1122,338,3,11,1,'REGION',55.053000),(1123,338,3,10,1,'REGION',0.000000),(1124,338,3,9,3,'REGION',0.000000),(1125,338,3,14,3,'REGION',0.000000),(1126,338,3,13,3,'REGION',3004.934000),(1127,338,3,6,3,'REGION',1116.892000),(1128,338,3,8,3,'REGION',0.000000),(1129,338,3,3,3,'REGION',763.788000),(1130,338,3,5,3,'REGION',705.171000),(1131,338,3,11,3,'REGION',0.000000),(1132,338,3,10,3,'REGION',5.120000),(1133,338,3,9,5,'REGION',0.000000),(1134,338,3,14,5,'REGION',0.000000),(1135,338,3,13,5,'REGION',629.589380),(1136,338,3,6,5,'REGION',775.038400),(1137,338,3,8,5,'REGION',0.000000),(1138,338,3,3,5,'REGION',0.000000),(1139,338,3,5,5,'REGION',686.909000),(1140,338,3,11,5,'REGION',0.000000),(1141,338,3,10,5,'REGION',28.200000),(1142,338,3,9,14,'REGION',0.000000),(1143,338,3,14,14,'REGION',0.000000),(1144,338,3,13,14,'REGION',526.828822),(1145,338,3,6,14,'REGION',0.000000),(1146,338,3,8,14,'REGION',1955.199800),(1147,338,3,3,14,'REGION',536.736000),(1148,338,3,5,14,'REGION',173.180000),(1149,338,3,11,14,'REGION',4.500000),(1150,338,3,10,14,'REGION',199.120900),(1151,338,3,9,10,'REGION',0.000000),(1152,338,3,14,10,'REGION',0.000000),(1153,338,3,13,10,'REGION',1023.793716),(1154,338,3,6,10,'REGION',0.000000),(1155,338,3,8,10,'REGION',437.640000),(1156,338,3,3,10,'REGION',0.000000),(1157,338,3,5,10,'REGION',35.659000),(1158,338,3,11,10,'REGION',51.614000),(1159,338,3,10,10,'REGION',909.852600),(1160,338,3,9,11,'REGION',0.000000),(1161,338,3,14,11,'REGION',0.000000),(1162,338,3,13,11,'REGION',760.259740),(1163,338,3,6,11,'REGION',172.499000),(1164,338,3,8,11,'REGION',249.710000),(1165,338,3,3,11,'REGION',0.000000),(1166,338,3,5,11,'REGION',25.391100),(1167,338,3,11,11,'REGION',15.791000),(1168,338,3,10,11,'REGION',1094.798100),(1169,338,3,9,9,'REGION',0.000000),(1170,338,3,14,9,'REGION',0.000000),(1171,338,3,13,9,'REGION',778.296278),(1172,338,3,6,9,'REGION',0.000000),(1173,338,3,8,9,'REGION',44.460000),(1174,338,3,3,9,'REGION',0.000000),(1175,338,3,5,9,'REGION',163.892800),(1176,338,3,11,9,'REGION',40.100000),(1177,338,3,10,9,'REGION',1828.331000),(1178,338,3,9,15,'REGION',0.000000),(1179,338,3,14,15,'REGION',0.000000),(1180,338,3,13,15,'REGION',272.306050),(1181,338,3,6,15,'REGION',0.000000),(1182,338,3,8,15,'REGION',0.000000),(1183,338,3,3,15,'REGION',0.000000),(1184,338,3,5,15,'REGION',21.847580),(1185,338,3,11,15,'REGION',71.100000),(1186,338,3,10,15,'REGION',31.610000),(1187,338,3,9,4,'REGION',0.000000),(1188,338,3,14,4,'REGION',0.000000),(1189,338,3,13,4,'REGION',164.069310),(1190,338,3,6,4,'REGION',747.412600),(1191,338,3,8,4,'REGION',63.522000),(1192,338,3,3,4,'REGION',378.950000),(1193,338,3,5,4,'REGION',778.529250),(1194,338,3,11,4,'REGION',557.338000),(1195,338,3,10,4,'REGION',2855.014700),(1196,338,3,9,6,'REGION',0.000000),(1197,338,3,14,6,'REGION',0.000000),(1198,338,3,13,6,'REGION',17.925000),(1199,338,3,6,6,'REGION',805.240000),(1200,338,3,8,6,'REGION',0.000000),(1201,338,3,3,6,'REGION',0.000000),(1202,338,3,5,6,'REGION',20.788500),(1203,338,3,11,6,'REGION',80.721000),(1204,338,3,10,6,'REGION',87.310000),(1205,338,3,9,8,'REGION',0.000000),(1206,338,3,14,8,'REGION',0.000000),(1207,338,3,13,8,'REGION',3.014950),(1208,338,3,6,8,'REGION',0.000000),(1209,338,3,8,8,'REGION',0.000000),(1210,338,3,3,8,'REGION',0.000000),(1211,338,3,5,8,'REGION',120.373000),(1212,338,3,11,8,'REGION',61.000000),(1213,338,3,10,8,'REGION',167.882000),(1214,338,3,9,7,'REGION',0.000000),(1215,338,3,14,7,'REGION',0.000000),(1216,338,3,13,7,'REGION',0.000000),(1217,338,3,6,7,'REGION',390.070000),(1218,338,3,8,7,'REGION',0.000000),(1219,338,3,3,7,'REGION',0.000000),(1220,338,3,5,7,'REGION',243.910000),(1221,338,3,11,7,'REGION',0.000000),(1222,338,3,10,7,'REGION',324.985130),(1223,221,3,9,2,'REGION',0.000000),(1224,221,3,14,2,'REGION',0.000000),(1225,221,3,13,2,'REGION',8.440000),(1226,221,3,6,2,'REGION',0.000000),(1227,221,3,8,2,'REGION',0.000000),(1228,221,3,3,2,'REGION',0.000000),(1229,221,3,5,2,'REGION',14.321000),(1230,221,3,11,2,'REGION',0.000000),(1231,221,3,10,2,'REGION',10.894000),(1232,221,3,9,12,'REGION',0.000000),(1233,221,3,14,12,'REGION',0.000000),(1234,221,3,13,12,'REGION',61.234000),(1235,221,3,6,12,'REGION',0.000000),(1236,221,3,8,12,'REGION',0.000000),(1237,221,3,3,12,'REGION',158.000000),(1238,221,3,5,12,'REGION',33.080000),(1239,221,3,11,12,'REGION',44.000000),(1240,221,3,10,12,'REGION',6.250000),(1241,221,3,9,1,'REGION',0.000000),(1242,221,3,14,1,'REGION',0.000000),(1243,221,3,13,1,'REGION',321.745000),(1244,221,3,6,1,'REGION',301.000000),(1245,221,3,8,1,'REGION',2202.486000),(1246,221,3,3,1,'REGION',2523.392000),(1247,221,3,5,1,'REGION',183.592000),(1248,221,3,11,1,'REGION',17.500000),(1249,221,3,10,1,'REGION',0.000000),(1250,221,3,9,3,'REGION',0.000000),(1251,221,3,14,3,'REGION',0.000000),(1252,221,3,13,3,'REGION',724.700000),(1253,221,3,6,3,'REGION',0.000000),(1254,221,3,8,3,'REGION',0.000000),(1255,221,3,3,3,'REGION',760.000000),(1256,221,3,5,3,'REGION',529.820000),(1257,221,3,11,3,'REGION',0.000000),(1258,221,3,10,3,'REGION',5.120000),(1259,221,3,9,5,'REGION',0.000000),(1260,221,3,14,5,'REGION',0.000000),(1261,221,3,13,5,'REGION',36.410000),(1262,221,3,6,5,'REGION',612.350000),(1263,221,3,8,5,'REGION',0.000000),(1264,221,3,3,5,'REGION',0.000000),(1265,221,3,5,5,'REGION',214.600000),(1266,221,3,11,5,'REGION',16.600000),(1267,221,3,10,5,'REGION',28.200000),(1268,221,3,9,14,'REGION',0.000000),(1269,221,3,14,14,'REGION',0.000000),(1270,221,3,13,14,'REGION',7.711000),(1271,221,3,6,14,'REGION',0.000000),(1272,221,3,8,14,'REGION',1725.950000),(1273,221,3,3,14,'REGION',878.196000),(1274,221,3,5,14,'REGION',597.400000),(1275,221,3,11,14,'REGION',0.000000),(1276,221,3,10,14,'REGION',211.774000),(1277,221,3,9,10,'REGION',0.000000),(1278,221,3,14,10,'REGION',0.000000),(1279,221,3,13,10,'REGION',116.170000),(1280,221,3,6,10,'REGION',0.000000),(1281,221,3,8,10,'REGION',457.496000),(1282,221,3,3,10,'REGION',0.000000),(1283,221,3,5,10,'REGION',106.720000),(1284,221,3,11,10,'REGION',0.000000),(1285,221,3,10,10,'REGION',362.968000),(1286,221,3,9,11,'REGION',0.000000),(1287,221,3,14,11,'REGION',0.000000),(1288,221,3,13,11,'REGION',9.000000),(1289,221,3,6,11,'REGION',0.000000),(1290,221,3,8,11,'REGION',254.851000),(1291,221,3,3,11,'REGION',0.000000),(1292,221,3,5,11,'REGION',23.000000),(1293,221,3,11,11,'REGION',36.800000),(1294,221,3,10,11,'REGION',1013.150000),(1295,221,3,9,9,'REGION',0.000000),(1296,221,3,14,9,'REGION',0.000000),(1297,221,3,13,9,'REGION',1.330000),(1298,221,3,6,9,'REGION',0.000000),(1299,221,3,8,9,'REGION',2.460000),(1300,221,3,3,9,'REGION',0.000000),(1301,221,3,5,9,'REGION',79.280000),(1302,221,3,11,9,'REGION',49.500000),(1303,221,3,10,9,'REGION',1603.620000),(1304,221,3,9,15,'REGION',0.000000),(1305,221,3,14,15,'REGION',0.000000),(1306,221,3,13,15,'REGION',0.000000),(1307,221,3,6,15,'REGION',0.000000),(1308,221,3,8,15,'REGION',0.000000),(1309,221,3,3,15,'REGION',0.000000),(1310,221,3,5,15,'REGION',11.000000),(1311,221,3,11,15,'REGION',71.100000),(1312,221,3,10,15,'REGION',20.400000),(1313,221,3,9,4,'REGION',0.000000),(1314,221,3,14,4,'REGION',0.000000),(1315,221,3,13,4,'REGION',0.000000),(1316,221,3,6,4,'REGION',102.690000),(1317,221,3,8,4,'REGION',287.632000),(1318,221,3,3,4,'REGION',850.000000),(1319,221,3,5,4,'REGION',391.735000),(1320,221,3,11,4,'REGION',236.200000),(1321,221,3,10,4,'REGION',2867.930000),(1322,221,3,9,6,'REGION',0.000000),(1323,221,3,14,6,'REGION',0.000000),(1324,221,3,13,6,'REGION',0.000000),(1325,221,3,6,6,'REGION',88.000000),(1326,221,3,8,6,'REGION',0.000000),(1327,221,3,3,6,'REGION',0.000000),(1328,221,3,5,6,'REGION',11.600000),(1329,221,3,11,6,'REGION',81.000000),(1330,221,3,10,6,'REGION',74.986000),(1331,221,3,9,8,'REGION',0.000000),(1332,221,3,14,8,'REGION',0.000000),(1333,221,3,13,8,'REGION',0.000000),(1334,221,3,6,8,'REGION',0.000000),(1335,221,3,8,8,'REGION',0.000000),(1336,221,3,3,8,'REGION',0.000000),(1337,221,3,5,8,'REGION',119.200000),(1338,221,3,11,8,'REGION',61.000000),(1339,221,3,10,8,'REGION',125.706000),(1340,221,3,9,7,'REGION',0.000000),(1341,221,3,14,7,'REGION',0.000000),(1342,221,3,13,7,'REGION',0.000000),(1343,221,3,6,7,'REGION',36.000000),(1344,221,3,8,7,'REGION',0.000000),(1345,221,3,3,7,'REGION',0.000000),(1346,221,3,5,7,'REGION',159.600000),(1347,221,3,11,7,'REGION',0.000000),(1348,221,3,10,7,'REGION',299.152000),(1349,247,3,9,2,'REGION',0.000000),(1350,247,3,14,2,'REGION',0.000000),(1351,247,3,13,2,'REGION',8.440000),(1352,247,3,6,2,'REGION',0.000000),(1353,247,3,8,2,'REGION',0.000000),(1354,247,3,3,2,'REGION',0.000000),(1355,247,3,5,2,'REGION',14.321000),(1356,247,3,11,2,'REGION',0.000000),(1357,247,3,10,2,'REGION',10.894000),(1358,247,3,9,12,'REGION',0.000000),(1359,247,3,14,12,'REGION',0.000000),(1360,247,3,13,12,'REGION',61.234000),(1361,247,3,6,12,'REGION',0.000000),(1362,247,3,8,12,'REGION',0.000000),(1363,247,3,3,12,'REGION',158.000000),(1364,247,3,5,12,'REGION',33.080000),(1365,247,3,11,12,'REGION',44.000000),(1366,247,3,10,12,'REGION',6.250000),(1367,247,3,9,1,'REGION',44.910000),(1368,247,3,14,1,'REGION',0.000000),(1369,247,3,13,1,'REGION',770.135000),(1370,247,3,6,1,'REGION',301.000000),(1371,247,3,8,1,'REGION',2202.486000),(1372,247,3,3,1,'REGION',2898.392000),(1373,247,3,5,1,'REGION',183.592000),(1374,247,3,11,1,'REGION',17.500000),(1375,247,3,10,1,'REGION',0.000000),(1376,247,3,9,3,'REGION',0.000000),(1377,247,3,14,3,'REGION',0.000000),(1378,247,3,13,3,'REGION',968.100000),(1379,247,3,6,3,'REGION',304.150000),(1380,247,3,8,3,'REGION',0.000000),(1381,247,3,3,3,'REGION',760.000000),(1382,247,3,5,3,'REGION',529.820000),(1383,247,3,11,3,'REGION',0.000000),(1384,247,3,10,3,'REGION',5.120000),(1385,247,3,9,5,'REGION',0.000000),(1386,247,3,14,5,'REGION',0.000000),(1387,247,3,13,5,'REGION',155.513000),(1388,247,3,6,5,'REGION',693.950000),(1389,247,3,8,5,'REGION',0.000000),(1390,247,3,3,5,'REGION',0.000000),(1391,247,3,5,5,'REGION',220.600000),(1392,247,3,11,5,'REGION',16.600000),(1393,247,3,10,5,'REGION',28.200000),(1394,247,3,9,14,'REGION',0.000000),(1395,247,3,14,14,'REGION',0.000000),(1396,247,3,13,14,'REGION',99.628000),(1397,247,3,6,14,'REGION',0.000000),(1398,247,3,8,14,'REGION',1737.350000),(1399,247,3,3,14,'REGION',878.196000),(1400,247,3,5,14,'REGION',606.400000),(1401,247,3,11,14,'REGION',0.000000),(1402,247,3,10,14,'REGION',211.774000),(1403,247,3,9,10,'REGION',0.000000),(1404,247,3,14,10,'REGION',0.000000),(1405,247,3,13,10,'REGION',250.190000),(1406,247,3,6,10,'REGION',0.000000),(1407,247,3,8,10,'REGION',460.496000),(1408,247,3,3,10,'REGION',0.000000),(1409,247,3,5,10,'REGION',112.720000),(1410,247,3,11,10,'REGION',0.000000),(1411,247,3,10,10,'REGION',364.418000),(1412,247,3,9,11,'REGION',0.000000),(1413,247,3,14,11,'REGION',0.000000),(1414,247,3,13,11,'REGION',85.450000),(1415,247,3,6,11,'REGION',17.950000),(1416,247,3,8,11,'REGION',254.851000),(1417,247,3,3,11,'REGION',0.000000),(1418,247,3,5,11,'REGION',26.000000),(1419,247,3,11,11,'REGION',36.800000),(1420,247,3,10,11,'REGION',1036.550000),(1421,247,3,9,9,'REGION',0.000000),(1422,247,3,14,9,'REGION',0.000000),(1423,247,3,13,9,'REGION',24.820000),(1424,247,3,6,9,'REGION',0.000000),(1425,247,3,8,9,'REGION',2.460000),(1426,247,3,3,9,'REGION',0.000000),(1427,247,3,5,9,'REGION',83.780000),(1428,247,3,11,9,'REGION',49.500000),(1429,247,3,10,9,'REGION',1689.020000),(1430,247,3,9,15,'REGION',0.000000),(1431,247,3,14,15,'REGION',0.000000),(1432,247,3,13,15,'REGION',9.000000),(1433,247,3,6,15,'REGION',0.000000),(1434,247,3,8,15,'REGION',0.000000),(1435,247,3,3,15,'REGION',0.000000),(1436,247,3,5,15,'REGION',11.000000),(1437,247,3,11,15,'REGION',71.100000),(1438,247,3,10,15,'REGION',20.400000),(1439,247,3,9,4,'REGION',0.000000),(1440,247,3,14,4,'REGION',0.000000),(1441,247,3,13,4,'REGION',0.000000),(1442,247,3,6,4,'REGION',106.160000),(1443,247,3,8,4,'REGION',291.632000),(1444,247,3,3,4,'REGION',850.000000),(1445,247,3,5,4,'REGION',391.735000),(1446,247,3,11,4,'REGION',239.600000),(1447,247,3,10,4,'REGION',2874.890000),(1448,247,3,9,6,'REGION',0.000000),(1449,247,3,14,6,'REGION',0.000000),(1450,247,3,13,6,'REGION',0.000000),(1451,247,3,6,6,'REGION',88.000000),(1452,247,3,8,6,'REGION',0.000000),(1453,247,3,3,6,'REGION',0.000000),(1454,247,3,5,6,'REGION',11.600000),(1455,247,3,11,6,'REGION',81.000000),(1456,247,3,10,6,'REGION',80.736000),(1457,247,3,9,8,'REGION',0.000000),(1458,247,3,14,8,'REGION',0.000000),(1459,247,3,13,8,'REGION',0.000000),(1460,247,3,6,8,'REGION',0.000000),(1461,247,3,8,8,'REGION',0.000000),(1462,247,3,3,8,'REGION',0.000000),(1463,247,3,5,8,'REGION',119.200000),(1464,247,3,11,8,'REGION',61.000000),(1465,247,3,10,8,'REGION',127.616000),(1466,247,3,9,7,'REGION',0.000000),(1467,247,3,14,7,'REGION',0.000000),(1468,247,3,13,7,'REGION',0.000000),(1469,247,3,6,7,'REGION',230.000000),(1470,247,3,8,7,'REGION',0.000000),(1471,247,3,3,7,'REGION',0.000000),(1472,247,3,5,7,'REGION',183.228000),(1473,247,3,11,7,'REGION',0.000000),(1474,247,3,10,7,'REGION',298.552000),(1475,273,3,9,2,'REGION',0.000000),(1476,273,3,14,2,'REGION',0.000000),(1477,273,3,13,2,'REGION',8.240000),(1478,273,3,6,2,'REGION',0.000000),(1479,273,3,8,2,'REGION',0.000000),(1480,273,3,3,2,'REGION',0.000000),(1481,273,3,5,2,'REGION',13.601580),(1482,273,3,11,2,'REGION',0.000000),(1483,273,3,10,2,'REGION',11.394000),(1484,273,3,9,12,'REGION',0.000000),(1485,273,3,14,12,'REGION',0.000000),(1486,273,3,13,12,'REGION',366.381000),(1487,273,3,6,12,'REGION',0.000000),(1488,273,3,8,12,'REGION',0.000000),(1489,273,3,3,12,'REGION',0.000000),(1490,273,3,5,12,'REGION',34.084000),(1491,273,3,11,12,'REGION',44.000000),(1492,273,3,10,12,'REGION',6.250000),(1493,273,3,9,1,'REGION',44.910000),(1494,273,3,14,1,'REGION',0.000000),(1495,273,3,13,1,'REGION',1129.825000),(1496,273,3,6,1,'REGION',301.000000),(1497,273,3,8,1,'REGION',2149.491000),(1498,273,3,3,1,'REGION',2723.612000),(1499,273,3,5,1,'REGION',183.947300),(1500,273,3,11,1,'REGION',24.360000),(1501,273,3,10,1,'REGION',0.000000),(1502,273,3,9,3,'REGION',0.000000),(1503,273,3,14,3,'REGION',0.000000),(1504,273,3,13,3,'REGION',960.568000),(1505,273,3,6,3,'REGION',766.650000),(1506,273,3,8,3,'REGION',0.000000),(1507,273,3,3,3,'REGION',760.000000),(1508,273,3,5,3,'REGION',638.854600),(1509,273,3,11,3,'REGION',0.000000),(1510,273,3,10,3,'REGION',5.120000),(1511,273,3,9,5,'REGION',0.000000),(1512,273,3,14,5,'REGION',0.000000),(1513,273,3,13,5,'REGION',203.951000),(1514,273,3,6,5,'REGION',694.812000),(1515,273,3,8,5,'REGION',0.000000),(1516,273,3,3,5,'REGION',0.000000),(1517,273,3,5,5,'REGION',447.600000),(1518,273,3,11,5,'REGION',16.600000),(1519,273,3,10,5,'REGION',28.200000),(1520,273,3,9,14,'REGION',0.000000),(1521,273,3,14,14,'REGION',0.000000),(1522,273,3,13,14,'REGION',163.923000),(1523,273,3,6,14,'REGION',0.000000),(1524,273,3,8,14,'REGION',1712.360000),(1525,273,3,3,14,'REGION',861.263000),(1526,273,3,5,14,'REGION',478.730000),(1527,273,3,11,14,'REGION',0.000000),(1528,273,3,10,14,'REGION',211.774000),(1529,273,3,9,10,'REGION',0.000000),(1530,273,3,14,10,'REGION',0.000000),(1531,273,3,13,10,'REGION',370.573000),(1532,273,3,6,10,'REGION',0.000000),(1533,273,3,8,10,'REGION',484.054000),(1534,273,3,3,10,'REGION',0.000000),(1535,273,3,5,10,'REGION',115.720000),(1536,273,3,11,10,'REGION',0.000000),(1537,273,3,10,10,'REGION',363.818000),(1538,273,3,9,11,'REGION',0.000000),(1539,273,3,14,11,'REGION',0.000000),(1540,273,3,13,11,'REGION',228.290000),(1541,273,3,6,11,'REGION',17.950000),(1542,273,3,8,11,'REGION',254.851000),(1543,273,3,3,11,'REGION',0.000000),(1544,273,3,5,11,'REGION',26.000000),(1545,273,3,11,11,'REGION',36.800000),(1546,273,3,10,11,'REGION',1071.160000),(1547,273,3,9,9,'REGION',0.000000),(1548,273,3,14,9,'REGION',0.000000),(1549,273,3,13,9,'REGION',116.430000),(1550,273,3,6,9,'REGION',0.000000),(1551,273,3,8,9,'REGION',46.620000),(1552,273,3,3,9,'REGION',0.000000),(1553,273,3,5,9,'REGION',85.120000),(1554,273,3,11,9,'REGION',49.500000),(1555,273,3,10,9,'REGION',1696.976000),(1556,273,3,9,15,'REGION',0.000000),(1557,273,3,14,15,'REGION',0.000000),(1558,273,3,13,15,'REGION',23.800000),(1559,273,3,6,15,'REGION',0.000000),(1560,273,3,8,15,'REGION',0.000000),(1561,273,3,3,15,'REGION',0.000000),(1562,273,3,5,15,'REGION',11.000000),(1563,273,3,11,15,'REGION',71.100000),(1564,273,3,10,15,'REGION',20.400000),(1565,273,3,9,4,'REGION',0.000000),(1566,273,3,14,4,'REGION',0.000000),(1567,273,3,13,4,'REGION',2.900000),(1568,273,3,6,4,'REGION',133.190000),(1569,273,3,8,4,'REGION',288.524000),(1570,273,3,3,4,'REGION',717.540000),(1571,273,3,5,4,'REGION',542.111000),(1572,273,3,11,4,'REGION',185.100000),(1573,273,3,10,4,'REGION',2833.090000),(1574,273,3,9,6,'REGION',0.000000),(1575,273,3,14,6,'REGION',0.000000),(1576,273,3,13,6,'REGION',0.000000),(1577,273,3,6,6,'REGION',383.200000),(1578,273,3,8,6,'REGION',0.000000),(1579,273,3,3,6,'REGION',0.000000),(1580,273,3,5,6,'REGION',17.880000),(1581,273,3,11,6,'REGION',81.000000),(1582,273,3,10,6,'REGION',80.336000),(1583,273,3,9,8,'REGION',0.000000),(1584,273,3,14,8,'REGION',0.000000),(1585,273,3,13,8,'REGION',0.000000),(1586,273,3,6,8,'REGION',0.000000),(1587,273,3,8,8,'REGION',0.000000),(1588,273,3,3,8,'REGION',0.000000),(1589,273,3,5,8,'REGION',128.170000),(1590,273,3,11,8,'REGION',61.000000),(1591,273,3,10,8,'REGION',161.776000),(1592,273,3,9,7,'REGION',0.000000),(1593,273,3,14,7,'REGION',0.000000),(1594,273,3,13,7,'REGION',0.000000),(1595,273,3,6,7,'REGION',230.000000),(1596,273,3,8,7,'REGION',0.000000),(1597,273,3,3,7,'REGION',0.000000),(1598,273,3,5,7,'REGION',211.418000),(1599,273,3,11,7,'REGION',0.000000),(1600,273,3,10,7,'REGION',324.122000),(1601,299,3,9,2,'REGION',0.000000),(1602,299,3,14,2,'REGION',0.000000),(1603,299,3,13,2,'REGION',8.240000),(1604,299,3,6,2,'REGION',0.000000),(1605,299,3,8,2,'REGION',0.000000),(1606,299,3,3,2,'REGION',0.000000),(1607,299,3,5,2,'REGION',13.601580),(1608,299,3,11,2,'REGION',0.000000),(1609,299,3,10,2,'REGION',11.394000),(1610,299,3,9,12,'REGION',0.000000),(1611,299,3,14,12,'REGION',0.000000),(1612,299,3,13,12,'REGION',439.981000),(1613,299,3,6,12,'REGION',0.000000),(1614,299,3,8,12,'REGION',0.000000),(1615,299,3,3,12,'REGION',0.000000),(1616,299,3,5,12,'REGION',32.124000),(1617,299,3,11,12,'REGION',45.960000),(1618,299,3,10,12,'REGION',6.250000),(1619,299,3,9,1,'REGION',81.630000),(1620,299,3,14,1,'REGION',110.000000),(1621,299,3,13,1,'REGION',2857.845000),(1622,299,3,6,1,'REGION',961.400000),(1623,299,3,8,1,'REGION',2149.491000),(1624,299,3,3,1,'REGION',2449.568000),(1625,299,3,5,1,'REGION',80.699300),(1626,299,3,11,1,'REGION',24.360000),(1627,299,3,10,1,'REGION',0.000000),(1628,299,3,9,3,'REGION',0.000000),(1629,299,3,14,3,'REGION',0.000000),(1630,299,3,13,3,'REGION',2510.298000),(1631,299,3,6,3,'REGION',949.630000),(1632,299,3,8,3,'REGION',0.000000),(1633,299,3,3,3,'REGION',763.615000),(1634,299,3,5,3,'REGION',646.094600),(1635,299,3,11,3,'REGION',0.000000),(1636,299,3,10,3,'REGION',5.120000),(1637,299,3,9,5,'REGION',0.000000),(1638,299,3,14,5,'REGION',0.000000),(1639,299,3,13,5,'REGION',372.301000),(1640,299,3,6,5,'REGION',694.812000),(1641,299,3,8,5,'REGION',0.000000),(1642,299,3,3,5,'REGION',0.000000),(1643,299,3,5,5,'REGION',681.839800),(1644,299,3,11,5,'REGION',17.000000),(1645,299,3,10,5,'REGION',28.200000),(1646,299,3,9,14,'REGION',0.000000),(1647,299,3,14,14,'REGION',0.000000),(1648,299,3,13,14,'REGION',310.281000),(1649,299,3,6,14,'REGION',0.000000),(1650,299,3,8,14,'REGION',1906.860000),(1651,299,3,3,14,'REGION',744.727000),(1652,299,3,5,14,'REGION',283.091000),(1653,299,3,11,14,'REGION',4.500000),(1654,299,3,10,14,'REGION',211.774000),(1655,299,3,9,10,'REGION',0.000000),(1656,299,3,14,10,'REGION',0.000000),(1657,299,3,13,10,'REGION',521.622000),(1658,299,3,6,10,'REGION',0.000000),(1659,299,3,8,10,'REGION',437.640000),(1660,299,3,3,10,'REGION',0.000000),(1661,299,3,5,10,'REGION',125.447000),(1662,299,3,11,10,'REGION',49.930000),(1663,299,3,10,10,'REGION',905.488000),(1664,299,3,9,11,'REGION',0.000000),(1665,299,3,14,11,'REGION',0.000000),(1666,299,3,13,11,'REGION',401.840000),(1667,299,3,6,11,'REGION',67.870000),(1668,299,3,8,11,'REGION',253.860000),(1669,299,3,3,11,'REGION',0.000000),(1670,299,3,5,11,'REGION',25.200000),(1671,299,3,11,11,'REGION',38.591000),(1672,299,3,10,11,'REGION',1086.060000),(1673,299,3,9,9,'REGION',0.000000),(1674,299,3,14,9,'REGION',0.000000),(1675,299,3,13,9,'REGION',308.884000),(1676,299,3,6,9,'REGION',0.000000),(1677,299,3,8,9,'REGION',45.620000),(1678,299,3,3,9,'REGION',0.000000),(1679,299,3,5,9,'REGION',148.828000),(1680,299,3,11,9,'REGION',50.600000),(1681,299,3,10,9,'REGION',1696.976000),(1682,299,3,9,15,'REGION',0.000000),(1683,299,3,14,15,'REGION',0.000000),(1684,299,3,13,15,'REGION',115.927000),(1685,299,3,6,15,'REGION',0.000000),(1686,299,3,8,15,'REGION',0.000000),(1687,299,3,3,15,'REGION',0.000000),(1688,299,3,5,15,'REGION',20.525000),(1689,299,3,11,15,'REGION',71.100000),(1690,299,3,10,15,'REGION',31.900000),(1691,299,3,9,4,'REGION',0.000000),(1692,299,3,14,4,'REGION',0.000000),(1693,299,3,13,4,'REGION',60.700000),(1694,299,3,6,4,'REGION',471.790000),(1695,299,3,8,4,'REGION',222.668000),(1696,299,3,3,4,'REGION',373.990000),(1697,299,3,5,4,'REGION',807.387000),(1698,299,3,11,4,'REGION',356.260000),(1699,299,3,10,4,'REGION',2847.090000),(1700,299,3,9,6,'REGION',0.000000),(1701,299,3,14,6,'REGION',0.000000),(1702,299,3,13,6,'REGION',0.000000),(1703,299,3,6,6,'REGION',800.150000),(1704,299,3,8,6,'REGION',0.000000),(1705,299,3,3,6,'REGION',0.000000),(1706,299,3,5,6,'REGION',21.580000),(1707,299,3,11,6,'REGION',81.000000),(1708,299,3,10,6,'REGION',80.336000),(1709,299,3,9,8,'REGION',0.000000),(1710,299,3,14,8,'REGION',0.000000),(1711,299,3,13,8,'REGION',0.000000),(1712,299,3,6,8,'REGION',0.000000),(1713,299,3,8,8,'REGION',0.000000),(1714,299,3,3,8,'REGION',0.000000),(1715,299,3,5,8,'REGION',121.593000),(1716,299,3,11,8,'REGION',61.000000),(1717,299,3,10,8,'REGION',161.776000),(1718,299,3,9,7,'REGION',0.000000),(1719,299,3,14,7,'REGION',0.000000),(1720,299,3,13,7,'REGION',0.000000),(1721,299,3,6,7,'REGION',382.400000),(1722,299,3,8,7,'REGION',0.000000),(1723,299,3,3,7,'REGION',0.000000),(1724,299,3,5,7,'REGION',237.540000),(1725,299,3,11,7,'REGION',0.000000),(1726,299,3,10,7,'REGION',324.122000),(1727,325,3,9,2,'REGION',0.000000),(1728,325,3,14,2,'REGION',0.000000),(1729,325,3,13,2,'REGION',126.916200),(1730,325,3,6,2,'REGION',0.000000),(1731,325,3,8,2,'REGION',0.000000),(1732,325,3,3,2,'REGION',0.000000),(1733,325,3,5,2,'REGION',10.327000),(1734,325,3,11,2,'REGION',0.000000),(1735,325,3,10,2,'REGION',11.394000),(1736,325,3,9,12,'REGION',0.000000),(1737,325,3,14,12,'REGION',0.000000),(1738,325,3,13,12,'REGION',430.254100),(1739,325,3,6,12,'REGION',0.000000),(1740,325,3,8,12,'REGION',0.000000),(1741,325,3,3,12,'REGION',0.000000),(1742,325,3,5,12,'REGION',67.752500),(1743,325,3,11,12,'REGION',0.000000),(1744,325,3,10,12,'REGION',6.052000),(1745,325,3,9,1,'REGION',94.880000),(1746,325,3,14,1,'REGION',114.400000),(1747,325,3,13,1,'REGION',4061.649400),(1748,325,3,6,1,'REGION',1281.981800),(1749,325,3,8,1,'REGION',2512.069300),(1750,325,3,3,1,'REGION',1835.739000),(1751,325,3,5,1,'REGION',33.453900),(1752,325,3,11,1,'REGION',26.413000),(1753,325,3,10,1,'REGION',0.000000),(1754,325,3,9,3,'REGION',0.000000),(1755,325,3,14,3,'REGION',0.000000),(1756,325,3,13,3,'REGION',2702.635800),(1757,325,3,6,3,'REGION',1116.892000),(1758,325,3,8,3,'REGION',0.000000),(1759,325,3,3,3,'REGION',763.615000),(1760,325,3,5,3,'REGION',694.913300),(1761,325,3,11,3,'REGION',0.000000),(1762,325,3,10,3,'REGION',5.120000),(1763,325,3,9,5,'REGION',0.000000),(1764,325,3,14,5,'REGION',0.000000),(1765,325,3,13,5,'REGION',600.915980),(1766,325,3,6,5,'REGION',774.572000),(1767,325,3,8,5,'REGION',0.000000),(1768,325,3,3,5,'REGION',0.000000),(1769,325,3,5,5,'REGION',686.909800),(1770,325,3,11,5,'REGION',0.000000),(1771,325,3,10,5,'REGION',28.200000),(1772,325,3,9,14,'REGION',0.000000),(1773,325,3,14,14,'REGION',0.000000),(1774,325,3,13,14,'REGION',515.048822),(1775,325,3,6,14,'REGION',0.000000),(1776,325,3,8,14,'REGION',1973.996000),(1777,325,3,3,14,'REGION',536.736000),(1778,325,3,5,14,'REGION',172.991000),(1779,325,3,11,14,'REGION',4.500000),(1780,325,3,10,14,'REGION',200.520900),(1781,325,3,9,10,'REGION',0.000000),(1782,325,3,14,10,'REGION',0.000000),(1783,325,3,13,10,'REGION',940.424316),(1784,325,3,6,10,'REGION',0.000000),(1785,325,3,8,10,'REGION',437.640000),(1786,325,3,3,10,'REGION',0.000000),(1787,325,3,5,10,'REGION',34.334000),(1788,325,3,11,10,'REGION',51.614000),(1789,325,3,10,10,'REGION',909.852600),(1790,325,3,9,11,'REGION',0.000000),(1791,325,3,14,11,'REGION',0.000000),(1792,325,3,13,11,'REGION',749.072340),(1793,325,3,6,11,'REGION',173.729100),(1794,325,3,8,11,'REGION',249.710000),(1795,325,3,3,11,'REGION',0.000000),(1796,325,3,5,11,'REGION',47.391100),(1797,325,3,11,11,'REGION',15.791000),(1798,325,3,10,11,'REGION',1095.021900),(1799,325,3,9,9,'REGION',0.000000),(1800,325,3,14,9,'REGION',0.000000),(1801,325,3,13,9,'REGION',691.027078),(1802,325,3,6,9,'REGION',0.000000),(1803,325,3,8,9,'REGION',44.460000),(1804,325,3,3,9,'REGION',0.000000),(1805,325,3,5,9,'REGION',163.892800),(1806,325,3,11,9,'REGION',40.100000),(1807,325,3,10,9,'REGION',1853.736700),(1808,325,3,9,15,'REGION',0.000000),(1809,325,3,14,15,'REGION',0.000000),(1810,325,3,13,15,'REGION',198.851550),(1811,325,3,6,15,'REGION',0.000000),(1812,325,3,8,15,'REGION',0.000000),(1813,325,3,3,15,'REGION',0.000000),(1814,325,3,5,15,'REGION',21.847580),(1815,325,3,11,15,'REGION',71.100000),(1816,325,3,10,15,'REGION',31.610000),(1817,325,3,9,4,'REGION',0.000000),(1818,325,3,14,4,'REGION',0.000000),(1819,325,3,13,4,'REGION',156.922410),(1820,325,3,6,4,'REGION',737.084100),(1821,325,3,8,4,'REGION',63.630000),(1822,325,3,3,4,'REGION',373.990000),(1823,325,3,5,4,'REGION',799.029250),(1824,325,3,11,4,'REGION',280.182000),(1825,325,3,10,4,'REGION',2855.014700),(1826,325,3,9,6,'REGION',0.000000),(1827,325,3,14,6,'REGION',0.000000),(1828,325,3,13,6,'REGION',12.025000),(1829,325,3,6,6,'REGION',805.240000),(1830,325,3,8,6,'REGION',0.000000),(1831,325,3,3,6,'REGION',0.000000),(1832,325,3,5,6,'REGION',20.788500),(1833,325,3,11,6,'REGION',81.000000),(1834,325,3,10,6,'REGION',80.810000),(1835,325,3,9,8,'REGION',0.000000),(1836,325,3,14,8,'REGION',0.000000),(1837,325,3,13,8,'REGION',5.114950),(1838,325,3,6,8,'REGION',0.000000),(1839,325,3,8,8,'REGION',0.000000),(1840,325,3,3,8,'REGION',0.000000),(1841,325,3,5,8,'REGION',120.373000),(1842,325,3,11,8,'REGION',61.000000),(1843,325,3,10,8,'REGION',166.782000),(1844,325,3,9,7,'REGION',0.000000),(1845,325,3,14,7,'REGION',0.000000),(1846,325,3,13,7,'REGION',0.000000),(1847,325,3,6,7,'REGION',390.070000),(1848,325,3,8,7,'REGION',0.000000),(1849,325,3,3,7,'REGION',0.000000),(1850,325,3,5,7,'REGION',234.910000),(1851,325,3,11,7,'REGION',0.000000),(1852,325,3,10,7,'REGION',321.903000);
/*!40000 ALTER TABLE `fact_capacidad_instalada` ENABLE KEYS */;
UNLOCK TABLES;

--
-- Table structure for table `fact_generacion_electrica`
--

DROP TABLE IF EXISTS `fact_generacion_electrica`;
/*!40101 SET @saved_cs_client     = @@character_set_client */;
/*!50503 SET character_set_client = utf8mb4 */;
CREATE TABLE `fact_generacion_electrica` (
  `id_generacion` int NOT NULL AUTO_INCREMENT,
  `id_date` int NOT NULL,
  `id_sistema` int NOT NULL,
  `id_tecnologia` int NOT NULL,
  `energia_generada_gwh` decimal(20,6) NOT NULL,
  PRIMARY KEY (`id_generacion`),
  UNIQUE KEY `uq_fact_generacion_grano` (`id_date`,`id_sistema`,`id_tecnologia`),
  KEY `ix_fact_generacion_sistema` (`id_sistema`),
  KEY `ix_fact_generacion_tecnologia` (`id_tecnologia`),
  KEY `ix_fact_generacion_date` (`id_date`),
  CONSTRAINT `fact_generacion_electrica_ibfk_1` FOREIGN KEY (`id_date`) REFERENCES `dim_date` (`id_date`),
  CONSTRAINT `fact_generacion_electrica_ibfk_2` FOREIGN KEY (`id_sistema`) REFERENCES `dim_sistema` (`id_sistema`),
  CONSTRAINT `fact_generacion_electrica_ibfk_3` FOREIGN KEY (`id_tecnologia`) REFERENCES `dim_tecnologia` (`id_tecnologia`)
) ENGINE=InnoDB AUTO_INCREMENT=339 DEFAULT CHARSET=utf8mb4 COLLATE=utf8mb4_unicode_ci;
/*!40101 SET character_set_client = @saved_cs_client */;

--
-- Dumping data for table `fact_generacion_electrica`
--

LOCK TABLES `fact_generacion_electrica` WRITE;
/*!40000 ALTER TABLE `fact_generacion_electrica` DISABLE KEYS */;
INSERT INTO `fact_generacion_electrica` VALUES (1,13,3,10,18481.012020),(2,13,3,3,8921.113241),(3,13,3,5,454.610797),(4,13,3,8,9973.715021),(5,13,3,7,0.000000),(6,13,3,12,509.943000),(7,13,3,4,73.862400),(8,13,3,1,0.000000),(9,13,3,2,489.721180),(10,13,3,6,0.000000),(11,13,3,13,0.000000),(12,13,3,14,0.000000),(13,13,3,9,0.000000),(14,26,3,10,21028.108750),(15,26,3,3,5736.015099),(16,26,3,5,202.261009),(17,26,3,8,12789.343460),(18,26,3,7,0.000000),(19,26,3,12,523.708000),(20,26,3,4,71.966300),(21,26,3,1,0.000000),(22,26,3,2,265.085200),(23,26,3,6,0.000000),(24,26,3,13,0.000000),(25,26,3,14,0.000000),(26,26,3,9,0.000000),(27,39,3,10,22497.656615),(28,39,3,3,6424.519743),(29,39,3,5,159.407412),(30,39,3,8,12471.033985),(31,39,3,7,0.000000),(32,39,3,12,477.329000),(33,39,3,4,93.125000),(34,39,3,1,0.000000),(35,39,3,2,247.825500),(36,39,3,6,0.000000),(37,39,3,13,0.000000),(38,39,3,14,0.000000),(39,39,3,9,0.000000),(40,52,3,10,21837.117749),(41,52,3,3,6138.740120),(42,52,3,5,226.392315),(43,52,3,8,16120.431109),(44,52,3,7,0.000000),(45,52,3,12,482.895000),(46,52,3,4,87.052700),(47,52,3,1,0.000000),(48,52,3,2,239.596940),(49,52,3,6,0.000000),(50,52,3,13,0.000000),(51,52,3,14,0.000000),(52,52,3,9,0.000000),(53,65,3,10,20874.791380),(54,65,3,3,8902.933669),(55,65,3,5,611.106110),(56,65,3,8,17412.451732),(57,65,3,7,0.000000),(58,65,3,12,526.232000),(59,65,3,4,79.438550),(60,65,3,1,0.000000),(61,65,3,2,266.970420),(62,65,3,6,0.000000),(63,65,3,13,0.000000),(64,65,3,14,0.000000),(65,65,3,9,0.000000),(66,78,3,10,25419.392650),(67,78,3,3,8450.451026),(68,78,3,5,739.595038),(69,78,3,8,15437.355554),(70,78,3,7,0.000000),(71,78,3,12,365.953000),(72,78,3,4,77.046800),(73,78,3,1,0.000000),(74,78,3,2,132.170410),(75,78,3,6,0.000000),(76,78,3,13,0.000000),(77,78,3,14,0.000000),(78,78,3,9,0.000000),(79,91,3,10,28034.306940),(80,91,3,3,11610.021870),(81,91,3,5,394.205749),(82,91,3,8,12457.940836),(83,91,3,7,0.000000),(84,91,3,12,484.527000),(85,91,3,4,102.131928),(86,91,3,1,0.000000),(87,91,3,2,492.656130),(88,91,3,6,0.000000),(89,91,3,13,0.000000),(90,91,3,14,0.000000),(91,91,3,9,0.000000),(92,104,3,10,22290.546380),(93,104,3,3,14423.176160),(94,104,3,5,2334.250830),(95,104,3,8,15739.299060),(96,104,3,7,0.000000),(97,104,3,12,484.359000),(98,104,3,4,0.000000),(99,104,3,1,0.000000),(100,104,3,2,711.144830),(101,104,3,6,2.804170),(102,104,3,13,0.000000),(103,104,3,14,0.000000),(104,104,3,9,0.000000),(105,117,3,10,23752.056426),(106,117,3,3,14800.376542),(107,117,3,5,2512.815649),(108,117,3,8,14326.165140),(109,117,3,7,0.000000),(110,117,3,12,493.911000),(111,117,3,4,0.000000),(112,117,3,1,0.000000),(113,117,3,2,454.597540),(114,117,3,6,30.842030),(115,117,3,13,0.000000),(116,117,3,14,0.000000),(117,117,3,9,0.000000),(118,130,3,10,24503.864121),(119,130,3,3,15263.046183),(120,130,3,5,1904.016080),(121,130,3,8,13896.356008),(122,130,3,7,0.000000),(123,130,3,12,482.124000),(124,130,3,4,0.000000),(125,130,3,1,0.000000),(126,130,3,2,581.155500),(127,130,3,6,66.377490),(128,130,3,13,0.000000),(129,130,3,14,0.000000),(130,130,3,9,0.000000),(131,143,3,10,21230.849775),(132,143,3,3,17500.056129),(133,143,3,5,1858.538756),(134,143,3,8,16761.968488),(135,143,3,7,32.480700),(136,143,3,12,61.391097),(137,143,3,4,0.000000),(138,143,3,1,0.000000),(139,143,3,2,494.697396),(140,143,3,6,318.450345),(141,143,3,13,0.000000),(142,143,3,14,0.000000),(143,143,3,9,0.000000),(144,156,3,10,20722.115811),(145,156,3,3,21186.151126),(146,156,3,5,2650.992330),(147,156,3,8,16134.168300),(148,156,3,7,170.248608),(149,156,3,12,349.126000),(150,156,3,4,0.000000),(151,156,3,1,0.000000),(152,156,3,2,502.879830),(153,156,3,6,315.215250),(154,156,3,13,0.000000),(155,156,3,14,0.000000),(156,156,3,9,0.000000),(157,169,3,10,20202.341999),(158,169,3,3,26335.915012),(159,169,3,5,1675.851794),(160,169,3,8,14756.977626),(161,169,3,7,165.255921),(162,169,3,12,543.876602),(163,169,3,4,25.026170),(164,169,3,1,100.483104),(165,169,3,2,1532.418572),(166,169,3,6,389.694895),(167,169,3,13,0.584330),(168,169,3,14,0.000000),(169,169,3,9,0.000000),(170,182,3,10,19608.345111),(171,182,3,3,31053.819063),(172,182,3,5,1700.897233),(173,182,3,8,12580.326517),(174,182,3,7,121.925180),(175,182,3,12,495.447349),(176,182,3,4,120.663540),(177,182,3,1,199.227318),(178,182,3,2,1738.389580),(179,182,3,6,548.172764),(180,182,3,13,7.818441),(181,182,3,14,0.000000),(182,182,3,9,0.000000),(183,195,3,10,23550.337611),(184,195,3,3,28362.085070),(185,195,3,5,2003.874215),(186,195,3,8,10877.376676),(187,195,3,7,80.993840),(188,195,3,12,529.764000),(189,195,3,4,122.230000),(190,195,3,1,286.795331),(191,195,3,2,2265.266102),(192,195,3,6,1425.954390),(193,195,3,13,464.350554),(194,195,3,14,0.000000),(195,195,3,9,0.000000),(196,208,3,10,23906.502277),(197,208,3,3,28097.854550),(198,208,3,5,912.575995),(199,208,3,8,12247.859936),(200,208,3,7,90.997710),(201,208,3,12,505.050000),(202,208,3,4,133.906290),(203,208,3,1,259.890573),(204,208,3,2,2124.316451),(205,208,3,6,2104.133934),(206,208,3,13,1373.479172),(207,208,3,14,0.000000),(208,208,3,9,0.000000),(209,221,3,10,19462.863655),(210,221,3,3,31953.829280),(211,221,3,5,1754.184846),(212,221,3,8,12069.463738),(213,221,3,7,37.841346),(214,221,3,12,497.111000),(215,221,3,4,131.136220),(216,221,3,1,255.030658),(217,221,3,2,2395.728665),(218,221,3,6,2251.895508),(219,221,3,13,2563.506179),(220,221,3,14,0.000000),(221,221,3,9,0.000000),(222,234,3,10,21808.244212),(223,234,3,3,28948.986302),(224,234,3,5,715.277636),(225,234,3,8,12170.263700),(226,234,3,7,24.120051),(227,234,3,12,436.640771),(228,234,3,4,135.517893),(229,234,3,1,267.030365),(230,234,3,2,2198.341898),(231,234,3,6,3551.661042),(232,234,3,13,3902.293794),(233,234,3,14,0.000000),(234,234,3,9,63.789910),(235,247,3,10,23208.459111),(236,247,3,3,28868.414354),(237,247,3,5,287.766848),(238,247,3,8,11709.217978),(239,247,3,7,5.423986),(240,247,3,12,437.776800),(241,247,3,4,140.540394),(242,247,3,1,230.496066),(243,247,3,2,2164.842396),(244,247,3,6,4020.664837),(245,247,3,13,5452.146111),(246,247,3,14,0.000000),(247,247,3,9,213.783592),(248,260,3,10,20829.874389),(249,260,3,3,28398.676550),(250,260,3,5,289.450066),(251,260,3,8,14130.974203),(252,260,3,7,1.270961),(253,260,3,12,392.476500),(254,260,3,4,130.158871),(255,260,3,1,213.513026),(256,260,3,2,1608.947913),(257,260,3,6,4818.101966),(258,260,3,13,6380.809191),(259,260,3,14,0.000000),(260,260,3,9,201.642688),(261,273,3,10,20629.207569),(262,273,3,3,27014.406333),(263,273,3,5,547.680297),(264,273,3,8,13710.330937),(265,273,3,7,8.423790),(266,273,3,12,341.495500),(267,273,3,4,183.435775),(268,273,3,1,170.281001),(269,273,3,2,1709.169186),(270,273,3,6,5538.817710),(271,273,3,13,7637.596572),(272,273,3,14,0.000000),(273,273,3,9,246.875545),(274,286,3,10,16477.208333),(275,286,3,3,27665.922443),(276,286,3,5,1829.812960),(277,286,3,8,14487.345835),(278,286,3,7,27.882534),(279,286,3,12,353.757500),(280,286,3,4,310.419223),(281,286,3,1,143.034269),(282,286,3,2,1874.385296),(283,286,3,6,7209.913121),(284,286,3,13,10632.831183),(285,286,3,14,153.872690),(286,286,3,9,325.582136),(287,299,3,10,20306.538054),(288,299,3,3,19156.964216),(289,299,3,5,1474.861108),(290,299,3,8,15840.414152),(291,299,3,7,27.112668),(292,299,3,12,284.570000),(293,299,3,4,278.174690),(294,299,3,1,141.427280),(295,299,3,2,1753.930828),(296,299,3,6,8833.717962),(297,299,3,13,14228.081242),(298,299,3,14,280.441390),(299,299,3,9,448.000800),(300,312,3,10,23943.956608),(301,312,3,3,13983.386180),(302,312,3,5,485.929262),(303,312,3,8,15455.013312),(304,312,3,7,1.276356),(305,312,3,12,383.384000),(306,312,3,4,407.551370),(307,312,3,1,159.150406),(308,312,3,2,1806.651192),(309,312,3,6,9911.119868),(310,312,3,13,16074.811475),(311,312,3,14,587.002960),(312,312,3,9,437.891650),(313,325,3,10,27074.542563),(314,325,3,3,13001.720929),(315,325,3,5,172.708974),(316,325,3,8,12343.496322),(317,325,3,7,0.814030),(318,325,3,12,354.240000),(319,325,3,4,624.850280),(320,325,3,1,152.903307),(321,325,3,2,1786.976059),(322,325,3,6,11085.571643),(323,325,3,13,18612.145711),(324,325,3,14,0.000000),(325,325,3,9,308.428430),(326,338,3,10,20775.828682),(327,338,3,3,15061.861542),(328,338,3,5,447.604680),(329,338,3,8,13217.700136),(330,338,3,7,4.505516),(331,338,3,12,306.603208),(332,338,3,4,565.670659),(333,338,3,1,156.525207),(334,338,3,2,1812.367235),(335,338,3,6,12193.147633),(336,338,3,13,20490.444315),(337,338,3,14,0.000000),(338,338,3,9,117.897935);
/*!40000 ALTER TABLE `fact_generacion_electrica` ENABLE KEYS */;
UNLOCK TABLES;

--
-- Table structure for table `fact_ventas_energia`
--

DROP TABLE IF EXISTS `fact_ventas_energia`;
/*!40101 SET @saved_cs_client     = @@character_set_client */;
/*!50503 SET character_set_client = utf8mb4 */;
CREATE TABLE `fact_ventas_energia` (
  `id_venta` int NOT NULL AUTO_INCREMENT,
  `id_date` int NOT NULL,
  `id_sistema` int NOT NULL,
  `id_tipo_cliente` int NOT NULL,
  `energia_vendida_gwh` decimal(20,6) NOT NULL,
  PRIMARY KEY (`id_venta`),
  UNIQUE KEY `uq_fact_ventas_grano` (`id_date`,`id_sistema`,`id_tipo_cliente`),
  KEY `ix_fact_ventas_sistema` (`id_sistema`),
  KEY `ix_fact_ventas_cliente` (`id_tipo_cliente`),
  KEY `ix_fact_ventas_date` (`id_date`),
  CONSTRAINT `fact_ventas_energia_ibfk_1` FOREIGN KEY (`id_date`) REFERENCES `dim_date` (`id_date`),
  CONSTRAINT `fact_ventas_energia_ibfk_2` FOREIGN KEY (`id_sistema`) REFERENCES `dim_sistema` (`id_sistema`),
  CONSTRAINT `fact_ventas_energia_ibfk_3` FOREIGN KEY (`id_tipo_cliente`) REFERENCES `dim_tipo_cliente` (`id_tipo_cliente`)
) ENGINE=InnoDB AUTO_INCREMENT=805 DEFAULT CHARSET=utf8mb4 COLLATE=utf8mb4_unicode_ci;
/*!40101 SET character_set_client = @saved_cs_client */;

--
-- Dumping data for table `fact_ventas_energia`
--

LOCK TABLES `fact_ventas_energia` WRITE;
/*!40000 ALTER TABLE `fact_ventas_energia` DISABLE KEYS */;
INSERT INTO `fact_ventas_energia` VALUES (1,1,1,3,2283.600000),(2,2,1,3,2214.400000),(3,3,1,3,2443.000000),(4,4,1,3,2315.400000),(5,5,1,3,2407.900000),(6,6,1,3,2329.800000),(7,7,1,3,2357.700000),(8,8,1,3,2341.300000),(9,9,1,3,2213.300000),(10,10,1,3,2310.500000),(11,11,1,3,2301.700000),(12,12,1,3,2397.600000),(13,14,1,3,2398.400000),(14,15,1,3,2243.500000),(15,16,1,3,2556.000000),(16,17,1,3,2396.200000),(17,18,1,3,2481.400000),(18,19,1,3,2435.600000),(19,20,1,3,2500.800000),(20,21,1,3,2482.400000),(21,22,1,3,2288.300000),(22,23,1,3,2441.900000),(23,24,1,3,2400.700000),(24,25,1,3,2518.100000),(25,27,1,3,2522.700000),(26,28,1,3,2325.800000),(27,29,1,3,2597.900000),(28,30,1,3,2508.000000),(29,31,1,3,2534.300000),(30,32,1,3,2509.800000),(31,33,1,3,2623.300000),(32,34,1,3,2588.500000),(33,35,1,3,2390.600000),(34,36,1,3,2575.300000),(35,37,1,3,2503.400000),(36,38,1,3,2650.700000),(37,40,1,3,2663.400000),(38,40,2,1,84.900000),(39,40,2,2,751.600000),(40,41,1,3,2465.200000),(41,41,2,1,80.900000),(42,41,2,2,716.000000),(43,42,1,3,2782.100000),(44,42,2,1,89.600000),(45,42,2,2,783.200000),(46,43,1,3,2660.200000),(47,43,2,1,86.000000),(48,43,2,2,766.600000),(49,44,1,3,2696.000000),(50,44,2,1,89.600000),(51,44,2,2,782.300000),(52,45,1,3,2639.500000),(53,45,2,1,87.100000),(54,45,2,2,777.300000),(55,46,1,3,2768.700000),(56,46,2,1,89.900000),(57,46,2,2,809.800000),(58,47,1,3,2694.400000),(59,47,2,1,88.300000),(60,47,2,2,800.200000),(61,48,1,3,2536.300000),(62,48,2,1,84.400000),(63,48,2,2,805.400000),(64,49,1,3,2740.400000),(65,49,2,1,89.100000),(66,49,2,2,817.100000),(67,50,1,3,2645.100000),(68,50,2,1,87.100000),(69,50,2,2,810.100000),(70,51,1,3,2784.600000),(71,51,2,1,90.700000),(72,51,2,2,813.300000),(73,53,1,3,2836.300000),(74,53,2,1,86.900000),(75,53,2,2,779.100000),(76,54,1,3,2720.200000),(77,54,2,1,82.500000),(78,54,2,2,778.800000),(79,55,1,3,2998.500000),(80,55,2,1,94.100000),(81,55,2,2,823.800000),(82,56,1,3,2818.900000),(83,56,2,1,87.200000),(84,56,2,2,808.100000),(85,57,1,3,2891.400000),(86,57,2,1,89.300000),(87,57,2,2,832.800000),(88,58,1,3,2847.700000),(89,58,2,1,89.000000),(90,58,2,2,846.000000),(91,59,1,3,2969.600000),(92,59,2,1,92.200000),(93,59,2,2,884.400000),(94,60,1,3,2942.800000),(95,60,2,1,92.000000),(96,60,2,2,893.000000),(97,61,1,3,2769.100000),(98,61,2,1,89.000000),(99,61,2,2,854.100000),(100,62,1,3,2915.800000),(101,62,2,1,92.800000),(102,62,2,2,885.600000),(103,63,1,3,2863.000000),(104,63,2,1,89.800000),(105,63,2,2,863.100000),(106,64,1,3,3029.100000),(107,64,2,1,90.500000),(108,64,2,2,915.500000),(109,66,1,3,2968.000000),(110,66,2,1,94.200000),(111,66,2,2,874.800000),(112,67,1,3,2770.100000),(113,67,2,1,81.800000),(114,67,2,2,796.700000),(115,68,1,3,3074.300000),(116,68,2,1,98.100000),(117,68,2,2,897.800000),(118,69,1,3,3005.600000),(119,69,2,1,96.800000),(120,69,2,2,823.400000),(121,70,1,3,3035.300000),(122,70,2,1,100.000000),(123,70,2,2,883.300000),(124,71,1,3,2975.300000),(125,71,2,1,93.600000),(126,71,2,2,832.000000),(127,72,1,3,3050.100000),(128,72,2,1,98.800000),(129,72,2,2,858.400000),(130,73,1,3,3008.400000),(131,73,2,1,99.600000),(132,73,2,2,888.800000),(133,74,1,3,2869.800000),(134,74,2,1,96.400000),(135,74,2,2,843.300000),(136,75,1,3,2989.100000),(137,75,2,1,99.700000),(138,75,2,2,899.900000),(139,76,1,3,2997.400000),(140,76,2,1,97.800000),(141,76,2,2,884.200000),(142,77,1,3,3151.200000),(143,77,2,1,102.100000),(144,77,2,2,918.400000),(145,79,1,3,3184.600000),(146,79,2,1,100.800000),(147,79,2,2,889.100000),(148,80,1,3,2935.300000),(149,80,2,1,92.800000),(150,80,2,2,805.400000),(151,81,1,3,3298.600000),(152,81,2,1,100.900000),(153,81,2,2,888.900000),(154,82,1,3,3125.100000),(155,82,2,1,100.000000),(156,82,2,2,877.900000),(157,83,1,3,3224.500000),(158,83,2,1,103.400000),(159,83,2,2,922.900000),(160,84,1,3,3145.700000),(161,84,2,1,105.700000),(162,84,2,2,889.700000),(163,85,1,3,3236.700000),(164,85,2,1,110.000000),(165,85,2,2,929.000000),(166,86,1,3,3250.200000),(167,86,2,1,108.200000),(168,86,2,2,858.900000),(169,87,1,3,3066.900000),(170,87,2,1,105.800000),(171,87,2,2,876.000000),(172,88,1,3,3222.200000),(173,88,2,1,111.100000),(174,88,2,2,947.500000),(175,89,1,3,3183.700000),(176,89,2,1,106.900000),(177,89,2,2,908.100000),(178,90,1,3,3337.600000),(179,90,2,1,110.100000),(180,90,2,2,980.400000),(181,92,1,3,3380.800000),(182,92,2,1,108.400000),(183,92,2,2,950.600000),(184,93,1,3,3080.900000),(185,93,2,1,100.900000),(186,93,2,2,865.100000),(187,94,1,3,3507.900000),(188,94,2,1,113.000000),(189,94,2,2,971.300000),(190,95,1,3,3296.900000),(191,95,2,1,112.200000),(192,95,2,2,966.500000),(193,96,1,3,3403.800000),(194,96,2,1,114.100000),(195,96,2,2,973.900000),(196,97,1,3,3393.800000),(197,97,2,1,111.600000),(198,97,2,2,933.500000),(199,98,1,3,3355.200000),(200,98,2,1,118.200000),(201,98,2,2,942.800000),(202,99,1,3,3387.700000),(203,99,2,1,115.500000),(204,99,2,2,941.700000),(205,100,1,3,3104.900000),(206,100,2,1,106.900000),(207,100,2,2,961.000000),(208,101,1,3,3343.300000),(209,101,2,1,112.500000),(210,101,2,2,962.200000),(211,102,1,3,3301.500000),(212,102,2,1,107.200000),(213,102,2,2,901.700000),(214,103,1,3,3407.000000),(215,103,2,1,111.300000),(216,103,2,2,972.200000),(217,105,1,3,3511.300000),(218,105,2,1,112.400000),(219,105,2,2,946.400000),(220,106,1,3,3326.800000),(221,106,2,1,106.300000),(222,106,2,2,908.500000),(223,107,1,3,3398.900000),(224,107,2,1,113.300000),(225,107,2,2,966.300000),(226,108,1,3,3110.500000),(227,108,2,1,116.100000),(228,108,2,2,966.900000),(229,109,1,3,3205.600000),(230,109,2,1,116.800000),(231,109,2,2,1008.900000),(232,110,1,3,3264.300000),(233,110,2,1,114.300000),(234,110,2,2,977.000000),(235,111,1,3,3369.800000),(236,111,2,1,120.400000),(237,111,2,2,968.300000),(238,112,1,3,3309.600000),(239,112,2,1,119.000000),(240,112,2,2,1006.900000),(241,113,1,3,3155.800000),(242,113,2,1,114.600000),(243,113,2,2,961.800000),(244,114,1,3,3330.700000),(245,114,2,1,119.800000),(246,114,2,2,1019.300000),(247,115,1,3,3242.100000),(248,115,2,1,115.600000),(249,115,2,2,1024.100000),(250,116,1,3,3354.800000),(251,116,2,1,118.300000),(252,116,2,2,1077.700000),(253,118,1,3,3351.600000),(254,118,2,1,115.700000),(255,118,2,2,1061.700000),(256,119,1,3,3091.600000),(257,119,2,1,109.300000),(258,119,2,2,957.300000),(259,120,1,3,3439.300000),(260,120,2,1,123.400000),(261,120,2,2,1044.900000),(262,121,1,3,3153.000000),(263,121,2,1,117.900000),(264,121,2,2,1014.500000),(265,122,1,3,3230.900000),(266,122,2,1,117.900000),(267,122,2,2,1036.300000),(268,123,1,3,3250.400000),(269,123,2,1,117.400000),(270,123,2,2,1016.800000),(271,124,1,3,3320.900000),(272,124,2,1,118.200000),(273,124,2,2,955.800000),(274,125,1,3,3312.800000),(275,125,2,1,118.500000),(276,125,2,2,1044.500000),(277,126,1,3,3163.500000),(278,126,2,1,114.500000),(279,126,2,2,1042.000000),(280,127,1,3,3320.700000),(281,127,2,1,120.000000),(282,127,2,2,1036.500000),(283,128,1,3,3264.300000),(284,128,2,1,118.900000),(285,128,2,2,990.400000),(286,129,1,3,3501.700000),(287,129,2,1,125.100000),(288,129,2,2,1038.900000),(289,131,1,3,3480.400000),(290,131,2,1,121.800000),(291,131,2,2,979.700000),(292,132,1,3,3090.400000),(293,132,2,1,115.700000),(294,132,2,2,916.300000),(295,133,1,3,3089.900000),(296,133,2,1,130.300000),(297,133,2,2,1019.500000),(298,134,1,3,3201.800000),(299,134,2,1,125.800000),(300,134,2,2,1015.300000),(301,135,1,3,3430.800000),(302,135,2,1,129.200000),(303,135,2,2,991.200000),(304,136,1,3,3461.800000),(305,136,2,1,126.500000),(306,136,2,2,1029.100000),(307,137,1,3,3622.100000),(308,137,2,1,131.200000),(309,137,2,2,1047.900000),(310,138,1,3,3606.400000),(311,138,2,1,125.000000),(312,138,2,2,1055.900000),(313,139,1,3,3324.600000),(314,139,2,1,118.500000),(315,139,2,2,1053.000000),(316,140,1,3,3541.700000),(317,140,2,1,124.100000),(318,140,2,2,1034.800000),(319,141,1,3,3533.000000),(320,141,2,1,122.000000),(321,141,2,2,1042.600000),(322,142,1,3,3678.800000),(323,142,2,1,125.400000),(324,142,2,2,1111.400000),(325,144,1,3,3729.900000),(326,144,2,1,125.600000),(327,144,2,2,1039.500000),(328,145,1,3,3430.700000),(329,145,2,1,115.800000),(330,145,2,2,917.900000),(331,146,1,3,3789.500000),(332,146,2,1,132.200000),(333,146,2,2,1047.000000),(334,147,1,3,3490.000000),(335,147,2,1,124.400000),(336,147,2,2,1041.000000),(337,148,1,3,3658.100000),(338,148,2,1,133.300000),(339,148,2,2,1096.100000),(340,149,1,3,3541.900000),(341,149,2,1,133.000000),(342,149,2,2,1097.400000),(343,150,1,3,3691.700000),(344,150,2,1,135.800000),(345,150,2,2,999.400000),(346,151,1,3,3745.100000),(347,151,2,1,132.900000),(348,151,2,2,1046.000000),(349,152,1,3,3439.500000),(350,152,2,1,126.100000),(351,152,2,2,1070.900000),(352,153,1,3,3640.000000),(353,153,2,1,133.000000),(354,153,2,2,1117.100000),(355,154,1,3,3703.500000),(356,154,2,1,130.000000),(357,154,2,2,1086.800000),(358,155,1,3,3944.400000),(359,155,2,1,137.500000),(360,155,2,2,1144.400000),(361,157,1,3,3992.900000),(362,157,2,1,134.000000),(363,157,2,2,1102.700000),(364,158,1,3,3771.500000),(365,158,2,1,137.500000),(366,158,2,2,1025.600000),(367,159,1,3,4034.000000),(368,159,2,1,145.200000),(369,159,2,2,1097.000000),(370,160,1,3,3631.500000),(371,160,2,1,133.700000),(372,160,2,2,1058.500000),(373,161,1,3,3854.600000),(374,161,2,1,139.400000),(375,161,2,2,1104.500000),(376,162,1,3,3822.900000),(377,162,2,1,139.300000),(378,162,2,2,1090.800000),(379,163,1,3,3932.300000),(380,163,2,1,141.800000),(381,163,2,2,1026.800000),(382,164,1,3,3963.600000),(383,164,2,1,149.900000),(384,164,2,2,1124.900000),(385,165,1,3,3590.900000),(386,165,2,1,135.800000),(387,165,2,2,1088.400000),(388,166,1,3,3910.800000),(389,166,2,1,147.500000),(390,166,2,2,1144.400000),(391,167,1,3,3828.200000),(392,167,2,1,145.400000),(393,167,2,2,1097.600000),(394,168,1,3,3948.400000),(395,168,2,1,149.200000),(396,168,2,2,1170.900000),(397,170,1,3,4109.400000),(398,170,2,1,151.700000),(399,170,2,2,1167.300000),(400,171,1,3,3767.500000),(401,171,2,1,140.700000),(402,171,2,2,1032.400000),(403,172,1,3,4078.300000),(404,172,2,1,151.800000),(405,172,2,2,1159.300000),(406,173,1,3,3862.100000),(407,173,2,1,147.200000),(408,173,2,2,1055.600000),(409,174,1,3,3985.700000),(410,174,2,1,155.500000),(411,174,2,2,1136.000000),(412,175,1,3,3973.500000),(413,175,2,1,151.100000),(414,175,2,2,1118.300000),(415,176,1,3,4162.200000),(416,176,2,1,157.800000),(417,176,2,2,1113.700000),(418,177,1,3,4093.800000),(419,177,2,1,156.200000),(420,177,2,2,1152.600000),(421,178,1,3,3733.000000),(422,178,2,1,145.300000),(423,178,2,2,1133.100000),(424,179,1,3,4014.200000),(425,179,2,1,158.000000),(426,179,2,2,1171.100000),(427,180,1,3,3889.400000),(428,180,2,1,153.200000),(429,180,2,2,1186.900000),(430,181,1,3,4108.000000),(431,181,2,1,153.400000),(432,181,2,2,1165.500000),(433,183,1,3,4168.465543),(434,183,2,1,160.700000),(435,183,2,2,1119.800000),(436,184,1,3,3874.859064),(437,184,2,1,134.700000),(438,184,2,2,1067.000000),(439,185,1,3,4186.730999),(440,185,2,1,155.700000),(441,185,2,2,1166.000000),(442,186,1,3,3960.908137),(443,186,2,1,140.800000),(444,186,2,2,1158.000000),(445,187,1,3,4126.532325),(446,187,2,1,155.600000),(447,187,2,2,1171.500000),(448,188,1,3,4095.683953),(449,188,2,1,150.300000),(450,188,2,2,1138.000000),(451,189,1,3,4304.134630),(452,189,2,1,157.200000),(453,189,2,2,1148.500000),(454,190,1,3,4258.444739),(455,190,2,1,154.600000),(456,190,2,2,1153.500000),(457,191,1,3,3940.505908),(458,191,2,1,145.000000),(459,191,2,2,1138.900000),(460,192,1,3,4227.080840),(461,192,2,1,153.900000),(462,192,2,2,1199.600000),(463,193,1,3,4166.233020),(464,193,2,1,151.600000),(465,193,2,2,1208.700000),(466,194,1,3,4392.105885),(467,194,2,1,156.000000),(468,194,2,2,1254.800000),(469,196,1,1,2999.182210),(470,196,1,2,1274.201433),(471,196,2,1,156.770000),(472,196,2,2,1280.830000),(473,197,1,1,2782.159668),(474,197,1,2,1144.897177),(475,197,2,1,141.190000),(476,197,2,2,1134.750000),(477,198,1,1,3068.739639),(478,198,1,2,1196.918871),(479,198,2,1,164.920000),(480,198,2,2,1191.820000),(481,199,1,1,2746.930856),(482,199,1,2,1176.377149),(483,199,2,1,158.300000),(484,199,2,2,1216.230000),(485,200,1,1,2842.656588),(486,200,1,2,1267.690468),(487,200,2,1,151.530000),(488,200,2,2,1263.310000),(489,201,1,1,2901.044135),(490,201,1,2,1253.025728),(491,201,2,1,156.330000),(492,201,2,2,1258.450000),(493,202,1,1,3002.131503),(494,202,1,2,1290.802597),(495,202,2,1,163.370000),(496,202,2,2,1236.980000),(497,203,1,1,2909.534158),(498,203,1,2,1286.703063),(499,203,2,1,162.540000),(500,203,2,2,1257.100000),(501,204,1,1,2661.079863),(502,204,1,2,1273.811436),(503,204,2,1,152.060000),(504,204,2,2,1269.900000),(505,205,1,1,2790.660628),(506,205,1,2,1336.799167),(507,205,2,1,160.400000),(508,205,2,2,1357.200000),(509,206,1,1,2754.082070),(510,206,1,2,1313.777879),(511,206,2,1,155.525000),(512,206,2,2,1267.015000),(513,207,1,1,2951.320704),(514,207,1,2,1326.933340),(515,207,2,1,161.328000),(516,207,2,2,1299.313000),(517,209,1,1,3000.979563),(518,209,1,2,1284.242998),(519,209,2,1,161.000000),(520,209,2,2,1245.700000),(521,210,1,1,2881.725094),(522,210,1,2,1228.824088),(523,210,2,1,155.200000),(524,210,2,2,1236.500000),(525,211,1,1,3082.567441),(526,211,1,2,1377.546934),(527,211,2,1,167.000000),(528,211,2,2,1317.700000),(529,212,1,1,2784.922756),(530,212,1,2,1270.537701),(531,212,2,1,157.900000),(532,212,2,2,1223.000000),(533,213,1,1,2915.280811),(534,213,1,2,1365.163902),(535,213,2,1,159.900000),(536,213,2,2,1307.200000),(537,214,1,1,2953.491858),(538,214,1,2,1323.097043),(539,214,2,1,158.300000),(540,214,2,2,1291.000000),(541,215,1,1,2997.657205),(542,215,1,2,1345.081941),(543,215,2,1,162.100000),(544,215,2,2,1270.400000),(545,216,1,1,2844.590050),(546,216,1,2,1355.397526),(547,216,2,1,157.800000),(548,216,2,2,1240.100000),(549,217,1,1,2653.972591),(550,217,1,2,1325.137272),(551,217,2,1,150.800000),(552,217,2,2,1231.100000),(553,218,1,1,2700.993033),(554,218,1,2,1365.307464),(555,218,2,1,156.000000),(556,218,2,2,1172.600000),(557,219,1,1,2770.420665),(558,219,1,2,1291.325032),(559,219,2,1,154.100000),(560,219,2,2,1230.000000),(561,220,1,1,2977.230761),(562,220,1,2,1360.873793),(563,220,2,1,160.700000),(564,220,2,2,1294.000000),(565,222,1,1,2915.675897),(566,222,1,2,1548.924975),(567,222,2,1,167.447000),(568,222,2,2,1238.471000),(569,223,1,1,2604.098638),(570,223,1,2,1488.280440),(571,223,2,1,154.440000),(572,223,2,2,992.160000),(573,224,1,1,2808.163219),(574,224,1,2,1684.497766),(575,224,2,1,154.440000),(576,224,2,2,1030.010000),(577,225,1,1,2402.740523),(578,225,1,2,1631.053189),(579,225,2,1,155.862000),(580,225,2,2,1164.818000),(581,226,1,1,2678.331503),(582,226,1,2,1662.435973),(583,226,2,1,165.111000),(584,226,2,2,1301.029000),(585,227,1,1,2749.989494),(586,227,1,2,1630.436163),(587,227,2,1,158.170000),(588,227,2,2,1208.352000),(589,228,1,1,2744.860357),(590,228,1,2,1721.672979),(591,228,2,1,159.961000),(592,228,2,2,1285.546000),(593,229,1,1,2719.076962),(594,229,1,2,1731.100944),(595,229,2,1,162.623000),(596,229,2,2,1348.690000),(597,230,1,1,2436.350184),(598,230,1,2,1632.378551),(599,230,2,1,152.005000),(600,230,2,2,1206.740000),(601,231,1,1,2468.204784),(602,231,1,2,1710.455779),(603,231,2,1,160.722162),(604,231,2,2,1277.906044),(605,232,1,1,2480.710254),(606,232,1,2,1699.361808),(607,232,2,1,156.287808),(608,232,2,2,1333.746800),(609,233,1,1,2792.079340),(610,233,1,2,1721.126986),(611,233,2,1,170.729524),(612,233,2,2,1300.744901),(613,235,3,1,2881.158352),(614,235,3,2,3126.733683),(615,236,3,1,2617.135378),(616,236,3,2,3011.804350),(617,237,3,1,2778.209955),(618,237,3,2,3186.820926),(619,238,3,1,2458.032704),(620,238,3,2,3213.357616),(621,239,3,1,2631.833302),(622,239,3,2,3392.441722),(623,240,3,1,2803.058234),(624,240,3,2,3267.979909),(625,241,3,1,2794.237976),(626,241,3,2,3387.662884),(627,242,3,1,2691.700204),(628,242,3,2,3392.029650),(629,243,3,1,2335.341437),(630,243,3,2,3289.684517),(631,244,3,1,2439.439159),(632,244,3,2,3482.345855),(633,245,3,1,2386.202389),(634,245,3,2,3505.394634),(635,246,3,1,2525.237767),(636,246,3,2,3581.519964),(637,248,3,1,2594.682715),(638,248,3,2,3519.732918),(639,249,3,1,2369.354225),(640,249,3,2,3218.100735),(641,250,3,1,2494.788780),(642,250,3,2,3611.423880),(643,251,3,1,2312.280536),(644,251,3,2,3400.247772),(645,252,3,1,2495.782445),(646,252,3,2,3573.822072),(647,253,3,1,2604.130980),(648,253,3,2,3401.847523),(649,254,3,1,2694.500281),(650,254,3,2,3604.593467),(651,255,3,1,2522.975242),(652,255,3,2,3595.752422),(653,256,3,1,2256.006639),(654,256,3,2,3407.023592),(655,257,3,1,2293.615698),(656,257,3,2,3499.489300),(657,258,3,1,2255.493327),(658,258,3,2,3588.382091),(659,259,3,1,2437.495990),(660,259,3,2,3800.386115),(661,261,3,1,2520.233328),(662,261,3,2,3766.954000),(663,262,3,1,2298.160157),(664,262,3,2,3571.955000),(665,263,3,1,2381.189008),(666,263,3,2,3857.853000),(667,264,3,1,2123.726177),(668,264,3,2,3570.521000),(669,265,3,1,2277.182924),(670,265,3,2,3624.779000),(671,266,3,1,2485.962149),(672,266,3,2,3414.698000),(673,267,3,1,2549.551778),(674,267,3,2,3471.171000),(675,268,3,1,2430.584690),(676,268,3,2,3576.859000),(677,269,3,1,2190.319625),(678,269,3,2,3509.401000),(679,270,3,1,2236.045305),(680,270,3,2,3701.297000),(681,271,3,1,2219.321671),(682,271,3,2,3650.890000),(683,272,3,1,2414.883122),(684,272,3,2,3938.143000),(685,274,3,1,2432.019208),(686,274,3,2,3774.770854),(687,275,3,1,2142.126967),(688,275,3,2,3552.470400),(689,276,3,1,2390.911471),(690,276,3,2,4029.267104),(691,277,3,1,2230.840796),(692,277,3,2,3760.577750),(693,278,3,1,2458.679502),(694,278,3,2,3872.967616),(695,279,3,1,2557.390243),(696,279,3,2,3678.088721),(697,280,3,1,2756.740572),(698,280,3,2,3799.589065),(699,281,3,1,2674.437854),(700,281,3,2,3808.703662),(701,282,3,1,2358.298216),(702,282,3,2,3657.299655),(703,283,3,1,2341.222087),(704,283,3,2,3956.590331),(705,284,3,1,2320.805103),(706,284,3,2,3915.466958),(707,285,3,1,2530.839006),(708,285,3,2,4090.008350),(709,287,3,1,2537.477623),(710,287,3,2,3888.026181),(711,288,3,1,2276.598470),(712,288,3,2,3568.383305),(713,289,3,1,2481.664484),(714,289,3,2,4075.702409),(715,290,3,1,2347.839526),(716,290,3,2,3744.206759),(717,291,3,1,2644.520986),(718,291,3,2,3964.994456),(719,292,3,1,2813.396413),(720,292,3,2,3773.027866),(721,293,3,1,2946.184329),(722,293,3,2,3776.946988),(723,294,3,1,2763.744375),(724,294,3,2,3804.468934),(725,295,3,1,2448.638810),(726,295,3,2,3730.592400),(727,296,3,1,2381.465308),(728,296,3,2,3959.544651),(729,297,3,1,2459.148642),(730,297,3,2,3881.361551),(731,298,3,1,2676.240502),(732,298,3,2,4099.538603),(733,300,3,1,2561.086713),(734,300,3,2,4003.351537),(735,301,3,1,2373.842811),(736,301,3,2,3665.053222),(737,302,3,1,2559.748769),(738,302,3,2,4137.899926),(739,303,3,1,2313.100317),(740,303,3,2,3801.508169),(741,304,3,1,2576.093050),(742,304,3,2,3892.858918),(743,305,3,1,2655.446628),(744,305,3,2,3841.034979),(745,306,3,1,2778.355218),(746,306,3,2,3848.629673),(747,307,3,1,2648.329202),(748,307,3,2,3905.074297),(749,308,3,1,2459.724161),(750,308,3,2,3852.248640),(751,309,3,1,2392.679113),(752,309,3,2,3987.537113),(753,310,3,1,2329.041952),(754,310,3,2,4000.165929),(755,311,3,1,2493.376614),(756,311,3,2,4204.765955),(757,313,3,1,2667.435580),(758,313,3,2,4190.475165),(759,314,3,1,2522.865684),(760,314,3,2,3970.488747),(761,315,3,1,2512.457789),(762,315,3,2,4234.026463),(763,316,3,1,2375.126934),(764,316,3,2,3915.688499),(765,317,3,1,2897.163092),(766,317,3,2,4084.786247),(767,318,3,1,2822.085168),(768,318,3,2,3933.987386),(769,319,3,1,2907.743856),(770,319,3,2,3950.947976),(771,320,3,1,2694.999234),(772,320,3,2,3985.139157),(773,321,3,1,2336.686376),(774,321,3,2,3917.051372),(775,322,3,1,2362.838210),(776,322,3,2,4113.480641),(777,323,3,1,2337.944424),(778,323,3,2,4070.149742),(779,324,3,1,2550.584619),(780,324,3,2,4375.859696),(781,326,3,1,2712.257901),(782,326,3,2,4195.264207),(783,327,3,1,2379.078094),(784,327,3,2,3837.926002),(785,328,3,1,2481.014766),(786,328,3,2,4336.638637),(787,329,3,1,2323.724822),(788,329,3,2,4031.934000),(789,330,3,1,2581.849580),(790,330,3,2,4144.829093),(791,331,3,1,2790.818401),(792,331,3,2,3994.780180),(793,332,3,1,2816.842284),(794,332,3,2,4062.631476),(795,333,3,1,2668.308727),(796,333,3,2,3955.215145),(797,334,3,1,2369.335710),(798,334,3,2,3866.386533),(799,335,3,1,2370.128594),(800,335,3,2,4131.176855),(801,336,3,1,2364.245728),(802,336,3,2,4112.242366),(803,337,3,1,2606.973939),(804,337,3,2,4385.521702);
/*!40000 ALTER TABLE `fact_ventas_energia` ENABLE KEYS */;
UNLOCK TABLES;
/*!40103 SET TIME_ZONE=@OLD_TIME_ZONE */;

/*!40101 SET SQL_MODE=@OLD_SQL_MODE */;
/*!40014 SET FOREIGN_KEY_CHECKS=@OLD_FOREIGN_KEY_CHECKS */;
/*!40014 SET UNIQUE_CHECKS=@OLD_UNIQUE_CHECKS */;
/*!40101 SET CHARACTER_SET_CLIENT=@OLD_CHARACTER_SET_CLIENT */;
/*!40101 SET CHARACTER_SET_RESULTS=@OLD_CHARACTER_SET_RESULTS */;
/*!40101 SET COLLATION_CONNECTION=@OLD_COLLATION_CONNECTION */;
/*!40111 SET SQL_NOTES=@OLD_SQL_NOTES */;

-- Dump completed on 2026-06-19 21:12:16
